Time_s,depth_mm
0,6.820192138
0.008794308,6.837667994
0.017719746,6.846166409
0.026618719,6.856039864
0.03682518,6.862428567
0.079628229,6.855146337
0.088649511,6.855660115
0.097705126,6.858015541
0.109326363,6.863560366
0.148897648,6.880115398
0.157891035,6.879996258
0.166992664,6.87884709
0.178562403,6.878598889
0.217334747,6.889092838
0.226753473,6.891075971
0.235962152,6.891559964
0.246700048,6.891718817
0.282727718,6.891545067
0.291889906,6.894305067
0.301183701,6.897812157
0.31193018,6.901145497
0.346529484,6.905220967
0.355621815,6.904637691
0.364703894,6.904181003
0.376297474,6.90495787
0.422490835,6.915121719
0.431675434,6.91656625
0.440868139,6.916692838
0.450598955,6.916576185
0.486684084,6.919164924
0.495762348,6.920338909
0.504894972,6.921870314
0.517999649,6.922922687
0.549497128,6.926576206
0.558633804,6.928144852
0.567501545,6.929296493
0.577949286,6.930904852
0.615095139,6.943017066
0.624081612,6.948467575
0.633290291,6.952562901
0.643170834,6.953957782
0.681968212,6.958177209
0.6909163,6.958892033
0.699834347,6.9592966
0.709386826,6.960036241
0.748830557,6.961895274
0.75771451,6.96311642
0.767075062,6.963821309
0.778249025,6.964878642
0.81648159,6.967147216
0.825740814,6.968281488
0.83489418,6.96838822
0.846120358,6.968760521
0.886179686,6.971125875
0.895094395,6.971887861
0.904164553,6.972150943
0.914499998,6.97304695
0.953189373,6.976146986
0.9621737,6.976094864
0.971039772,6.976665732
0.980199337,6.977050441
1.019488573,6.979718606
1.028610706,6.980465696
1.037638187,6.980847933
1.047037363,6.981627273
1.087299585,6.984106807
1.096520901,6.984431961
1.105535269,6.984623065
1.115613222,6.985027631
1.15647769,6.986983459
1.165351391,6.987536957
1.17447567,6.988236886
1.185804605,6.987800054
1.224955082,6.99008847
1.234104633,6.990810743
1.243522882,6.991262455
1.253258944,6.991475918
1.292987823,6.993632785
1.301968098,6.993774255
1.310986042,6.994183796
1.324712992,6.994583387
1.365343094,6.996444907
1.374367714,6.997196942
1.38361454,6.997234168
1.395596743,6.996534255
1.437136173,6.998904584
1.446289063,6.999098176
1.455359459,6.999621882
1.466189384,6.999954454
1.50806284,7.002029437
1.517489195,7.001416384
1.526605368,7.001964907
1.538543701,7.00278396
1.581181049,7.003727129
1.590309858,7.00424586
1.599299431,7.004638017
1.609752655,7.004412176
1.654251099,7.00623644
1.663320303,7.007045573
1.67245698,7.007864656
1.684381962,7.007060469
1.726244211,7.008837587
1.735417843,7.009679
1.744708538,7.009810548
1.755979538,7.010386376
1.794465065,7.011982312
1.8034513,7.012749243
1.812553167,7.012580469
1.824826002,7.012496097
1.864026785,7.014156563
1.873185635,7.014930927
1.882115602,7.015370261
1.892561674,7.015571286
1.938932896,7.017216885
1.948002815,7.016829673
1.95704031,7.017095258
1.966729403,7.017802634
2.01138401,7.019003924
2.020468712,7.019525142
2.029432297,7.020460878
2.049861431,7.020302025
2.088018179,7.020823243
2.096856594,7.021247651
2.10570693,7.022208204
2.116831779,7.022592928
2.173551559,7.024032498
2.182685137,7.024332821
2.191832304,7.024240985
2.202050209,7.023632877
2.241885185,7.025171715
2.251272678,7.025298318
2.260564327,7.025831945
2.271379232,7.026134756
2.31030345,7.028577049
2.319365025,7.028713573
2.328488827,7.027571838
2.337609529,7.027968971
2.379142523,7.029947113
2.388236523,7.029547522
2.397331953,7.029904942
2.409904957,7.029847845
2.451140165,7.031416476
2.460312605,7.031525695
2.469371557,7.031744103
2.481271982,7.032064267
2.52214098,7.033136497
2.531386614,7.033665178
2.540624142,7.033640361
2.551539421,7.034392396
2.59230566,7.034675365
2.601235628,7.035149437
2.610336542,7.03507001
2.621063709,7.035645838
2.675372839,7.036576568
2.684417725,7.036827257
2.693595648,7.037350963
2.705903769,7.037686053
2.745922565,7.037944175
2.755048037,7.038616783
2.764059544,7.038892289
2.774011374,7.039669171
2.818478584,7.040160597
2.827568054,7.041024339
2.836544514,7.041404088
2.846700191,7.041272539
2.891083717,7.041860776
2.900133371,7.042118927
2.909301043,7.042317494
2.919222593,7.042923084
2.963112116,7.0437074
2.972200632,7.044169063
2.981276274,7.04443216
2.995003939,7.044692769
3.036022425,7.044831751
3.045051575,7.045072518
3.054134607,7.045134561
3.063431263,7.045797249
3.108444214,7.047100325
3.117485046,7.046971264
3.126534224,7.04710527
3.135694504,7.04697621
3.178809404,7.048048439
3.188253164,7.048184963
3.197486877,7.048979199
3.208912134,7.048840217
3.247437477,7.049406124
3.256517649,7.049634454
3.265713692,7.050264891
3.276923656,7.050274812
3.316450596,7.050542884
3.325722218,7.05100206
3.334914207,7.051411572
3.346355438,7.05121798
3.385765791,7.052697264
3.395259619,7.052315027
3.404632568,7.052454038
3.414569378,7.051895564
3.4556036,7.053280525
3.464666605,7.053005019
3.473808527,7.05343689
3.485771894,7.053335134
3.526384115,7.054432181
3.535463095,7.05496335
3.54435873,7.055194167
3.553962231,7.054998088
3.596599579,7.055814683
3.605644226,7.055365428
3.614812136,7.055901543
3.623911858,7.056432682
3.666009188,7.057154955
3.675524712,7.056598999
3.684711456,7.056931571
3.697840691,7.057554576
3.736859083,7.05814527
3.746019363,7.058299178
3.755154133,7.058125428
3.766561985,7.057986447
3.806821585,7.05907603
3.815988779,7.059004067
3.825098991,7.059905034
3.835472584,7.059857858
3.876996517,7.060875508
3.886032581,7.060930087
3.895433187,7.0605156
3.90935874,7.060954934
3.949333906,7.061014489
3.958506107,7.061431464
3.967773438,7.061632518
3.977322578,7.061997371
4.020539045,7.062228188
4.029448748,7.062575687
4.03848362,7.062751894
4.049810648,7.062709693
4.092724562,7.06375216
4.101702213,7.064067378
4.110824108,7.063429478
4.12136364,7.064047507
4.161314487,7.064680432
4.17054677,7.064499249
4.17953968,7.06480203
4.191166401,7.064461994
4.227966309,7.065611192
4.237352848,7.065779966
4.246551275,7.065492052
4.257211208,7.066159715
4.294293165,7.065998374
4.303563118,7.06642527
4.312726974,7.066978769
4.325508356,7.067105342
4.361223459,7.066976281
4.370736837,7.067993901
4.380002022,7.067701041
4.389992237,7.06750745
4.427862167,7.067554597
4.437057495,7.06819993
4.446105242,7.068812984
4.457027435,7.068170138
4.49445796,7.069366452
4.503706217,7.069565019
4.51264596,7.069202654
4.523826361,7.069244855
4.562064171,7.070096188
4.571431398,7.070470962
4.580789089,7.070699321
4.591834545,7.07062484
4.626405954,7.070910266
4.635578156,7.071359521
4.644786835,7.070994668
4.655792713,7.071218052
4.689901829,7.071563063
4.699379206,7.072287793
4.708474636,7.072111586
4.719281912,7.071766575
4.754104614,7.072630317
4.763290167,7.072588116
4.772586823,7.072799091
4.783447504,7.073538718
4.827455282,7.07336251
4.836756706,7.073288059
4.845952988,7.073645449
4.855720282,7.074032661
4.891881466,7.074069887
4.900913477,7.074037607
4.910349846,7.07446702
4.921584606,7.074732575
4.956270695,7.075161958
4.965536833,7.074955958
4.974581242,7.075256281
4.984023094,7.075211622
5.024039507,7.075876797
5.033533096,7.076107614
5.042609453,7.07563603
5.051731825,7.075911535
5.099984646,7.076055492
5.108998775,7.076633808
5.118056536,7.076658625
5.129406929,7.076807557
5.173870564,7.07675046
5.183007956,7.077177356
5.19206953,7.077375922
5.203813553,7.077063191
5.24527359,7.077244374
5.254714489,7.077797872
5.26393342,7.078132933
5.274924755,7.078472969
5.317008972,7.078703815
5.325939417,7.078393542
5.33531189,7.078348883
5.346648216,7.078517657
5.387574196,7.079225034
5.396836519,7.078942065
5.40599823,7.07876337
5.417357683,7.079485643
5.458541393,7.079649442
5.467659473,7.079681722
5.477028847,7.079959715
5.48816514,7.080260038
5.530256033,7.080572769
5.539383411,7.08047347
5.5485847,7.080629836
5.560092688,7.080726646
5.603684425,7.08142656
5.612852812,7.080823457
5.621942282,7.081612718
5.630950689,7.081828668
5.676575422,7.081513449
5.685698032,7.081344675
5.694793701,7.081754187
5.705451727,7.082213363
5.752286673,7.082258052
5.761348963,7.082362295
5.770426512,7.082094223
5.78183794,7.082719715
5.827087879,7.082888489
5.836171389,7.082858697
5.845137596,7.082699843
5.856166363,7.083024983
5.902662039,7.083536281
5.911726236,7.083121793
5.920800447,7.083357586
5.93250823,7.083111873
5.978462219,7.083690158
5.987432957,7.084273449
5.996449709,7.084109621
6.005982399,7.084149334
6.054826736,7.084476961
6.063911676,7.085022997
6.072924376,7.084643248
6.083295584,7.084951033
6.130139589,7.085531837
6.13917613,7.085432539
6.148280859,7.085427593
6.157288551,7.085057765
6.204861879,7.086149836
6.21407485,7.085904123
6.223032236,7.085700611
6.236487627,7.086358323
6.282589197,7.086313664
6.291662931,7.085742782
6.300689459,7.086628883
6.309729576,7.086445213
6.358809948,7.087028474
6.367830992,7.087294059
6.376987696,7.087224553
6.387237072,7.087053291
6.432549477,7.087294059
6.441655397,7.087557156
6.450839758,7.08799646
6.460660458,7.087931929
6.504356384,7.088338983
6.513762236,7.08829927
6.522674322,7.088584696
6.533855438,7.088036173
6.576180696,7.088626897
6.585228443,7.089068689
6.594314337,7.088686452
6.603836775,7.088773342
6.648930073,7.089058768
6.658000708,7.089289585
6.667443037,7.089542761
6.682831049,7.089150603
6.720584631,7.089232518
6.729577541,7.089915047
6.738624096,7.089979577
6.75040555,7.089165499
6.794127226,7.090741563
6.803517342,7.09004165
6.812576532,7.090036675
6.826410055,7.090406503
6.867280483,7.090890496
6.87631011,7.09058271
6.885549068,7.091148617
6.899483681,7.091126288
6.940457821,7.091084087
6.94949007,7.091166001
6.958621264,7.091908116
6.969770193,7.091833664
7.012834311,7.091945341
7.021924019,7.091913091
7.030917406,7.09166489
7.042891741,7.091950317
7.087309361,7.09249884
7.096481562,7.0923797
7.105495453,7.092424389
7.115879774,7.092533578
7.17078805,7.092536065
7.180068254,7.092699864
7.189080238,7.09276937
7.200086117,7.092188596
7.244189262,7.093707563
7.253414869,7.092809083
7.262521029,7.093233521
7.271709442,7.093427112
7.318527222,7.093583478
7.327827692,7.093933434
7.33696723,7.094256116
7.348625898,7.093635599
7.391237497,7.094352897
7.400525808,7.094084854
7.4095366,7.094320646
7.421525717,7.094176689
7.464167595,7.095015584
7.473582268,7.094581256
7.482612133,7.094826969
7.493889332,7.094817048
7.538487673,7.095127291
7.547484159,7.095293578
7.556775331,7.095184388
7.565945864,7.095330803
7.611110687,7.095809851
7.620502472,7.096231771
7.629652023,7.096090301
7.641411304,7.09628638
7.684947252,7.096435313
7.694070578,7.096551965
7.703672409,7.096062997
7.714400768,7.096745556
7.759380817,7.09649241
7.768522024,7.097078159
7.777557135,7.097068238
7.787216187,7.096760452
7.835395098,7.097045879
7.844419003,7.097328847
7.853653669,7.097666395
7.86294198,7.097502567
7.909086466,7.097614273
7.918265343,7.097624194
7.927330971,7.098031248
7.938886166,7.097750767
7.982945442,7.098279449
7.992095709,7.098217406
8.001449108,7.098582259
8.012446404,7.098458144
8.062361956,7.099083606
8.071355343,7.098286882
8.08052206,7.099024051
8.091175318,7.098852789
8.140027761,7.099254868
8.14900589,7.099212697
8.158053398,7.099031484
8.169833422,7.099120861
8.215203047,7.099917585
8.224500895,7.099527885
8.233658314,7.099043893
8.242800713,7.099570086
8.289113283,7.100448725
8.298413515,7.09988033
8.307784081,7.100034238
8.320405722,7.099860488
8.358800888,7.100560431
8.367913723,7.100495871
8.377054691,7.100195548
8.38593936,7.099835671
8.429250717,7.100456158
8.438638449,7.100803657
8.447741747,7.10132985
8.458715677,7.101024553
8.499067307,7.10147132
8.508385181,7.101483728
8.517488241,7.101600381
8.527313948,7.101647527
8.568958998,7.101880861
8.578003645,7.101605356
8.587386131,7.101890782
8.59724021,7.101592947
8.639320612,7.102766933
8.648473024,7.102598159
8.657577991,7.102439305
8.667203188,7.102260611
8.709194899,7.102608079
8.718747139,7.10327823
8.728205919,7.1023698
8.740638256,7.102846359
8.778529167,7.103322889
8.787876368,7.103097048
8.797040701,7.102923298
8.80822587,7.103236029
8.850511074,7.103072201
8.859817743,7.103514022
8.869045734,7.103695205
8.879040241,7.103638108
8.922116041,7.10342962
8.931485176,7.10405757
8.940818071,7.103945893
8.953205109,7.104236265
8.991698742,7.104218911
9.000889778,7.104154381
9.009998083,7.104362868
9.022028446,7.104367814
9.063888311,7.104417478
9.073441505,7.104727721
9.082582712,7.105251427
9.092469454,7.104980897
9.133639336,7.105065269
9.142764568,7.10483694
9.151987553,7.105554237
9.163187981,7.105512036
9.202962875,7.105665914
9.212068796,7.105509549
9.221220732,7.106015871
9.232563972,7.105556725
9.284893036,7.106219413
9.294277668,7.106063047
9.303877592,7.105780079
9.316414833,7.105866968
9.355276346,7.106628954
9.364571095,7.106415492
9.373788834,7.106072968
9.385252476,7.106328602
9.424851656,7.106619004
9.433950186,7.106246718
9.443077564,7.106549528
9.454359055,7.107078179
9.495761395,7.106820058
9.504831076,7.107274258
9.51396203,7.106887076
9.523986101,7.106750552
9.565637589,7.107418215
9.574757576,7.10771605
9.58398509,7.107003728
9.59482789,7.106934222
9.635940552,7.108013915
9.645419836,7.10801886
9.654556274,7.107356173
9.664916515,7.108123104
9.708172083,7.108209994
9.717493296,7.107505105
9.726600409,7.108190122
9.736475468,7.108542566
9.778783083,7.108177713
9.787898779,7.108413506
9.797229052,7.10891737
9.809932232,7.10910104
9.84941864,7.109086144
9.858620167,7.108991821
9.867700338,7.109433613
9.878927946,7.10864681
9.921689272,7.109383979
9.930785894,7.1089819
9.940006971,7.108713828
9.951092243,7.109366595
9.992418289,7.109406308
10.00157833,7.109369083
10.01066542,7.109552753
10.02206254,7.109279735
10.06615639,7.109388954
10.0752542,7.110073971
10.08432913,7.109887813
10.09492707,7.109781112
10.13804936,7.110081435
10.14716029,7.11038919
10.15615034,7.110602653
10.16785979,7.11029238
10.20923495,7.11054058
10.21861243,7.111146201
10.22762632,7.110922817
10.23690939,7.110885592
10.27971411,7.111079183
10.28890562,7.111032036
10.29813051,7.110701921
10.31002903,7.110907921
10.3522656,7.111141255
10.36128163,7.111426682
10.37079453,7.111476316
10.38055563,7.111280237
10.42346835,7.11155823
10.43275476,7.111560688
10.44199491,7.111950388
10.45348787,7.111940437
10.49404192,7.112407076
10.50323415,7.112163821
10.51237202,7.111928028
10.52579236,7.11267263
10.56607008,7.112461685
10.57529402,7.112560954
10.58433819,7.112228351
10.59363198,7.112275527
10.63657856,7.11275952
10.64574337,7.113198824
10.65505004,7.113124373
10.66654539,7.112665197
10.70755577,7.113141757
10.71667528,7.11330058
10.72589588,7.112958087
10.73595691,7.113161599
10.77927017,7.113007721
10.78841949,7.113005233
10.79749203,7.113752323
10.80721211,7.113767219
10.85116196,7.114209011
10.86056757,7.113605878
10.8698287,7.113598445
10.87971783,7.11359347
10.9221611,7.113466897
10.9315567,7.114139505
10.94079018,7.114156889
10.95170569,7.11413456
10.99481988,7.114057621
11.00402904,7.114072487
11.0135324,7.113893792
11.02464414,7.114261133
11.06916547,7.114608602
11.0782907,7.114633449
11.08758211,7.114280974
11.09843826,7.114697979
11.13967705,7.114936229
11.14883018,7.114998302
11.15820575,7.114665699
11.16951728,7.114457212
11.21182203,7.115105003
11.22096992,7.115196838
11.23011971,7.115137283
11.24128604,7.115489728
11.28322721,7.11570319
11.29266477,7.115720544
11.30181265,7.115340795
11.31257534,7.115708136
11.3545084,7.115956337
11.36383986,7.116212
11.37286997,7.115869477
11.38585043,7.115886861
11.42674518,7.116261634
11.43602085,7.115968745
11.44514704,7.115554258
11.45448828,7.116403104
11.49771547,7.116494939
11.50696182,7.116658768
11.51601481,7.116993828
11.52607775,7.116614079
11.56927657,7.116420488
11.57862186,7.116681097
11.58784008,7.116825054
11.59694314,7.117117943
11.65301514,7.117050925
11.66246438,7.117356193
11.67166805,7.117688796
11.68417573,7.116810158
11.72484446,7.117338839
11.73401213,7.117869978
11.74348831,7.1176739
11.7542572,7.117788064
11.79656982,7.117671412
11.80591321,7.117649083
11.81513548,7.117311534
11.82617164,7.117641649
11.86951518,7.118403605
11.878582,7.118301849
11.88773775,7.118492953
11.89901137,7.118232344
11.94170403,7.118071033
11.95082593,7.118138051
11.9600482,7.118545075
11.97104859,7.11860466
12.01361179,7.118798251
12.0226686,7.118018911
12.0317235,7.118043728
12.04304719,7.118904982
12.08662724,7.118780867
12.0958426,7.118862781
12.1050148,7.11885286
12.11605167,7.118624501
12.15902066,7.118902495
12.16814518,7.119508115
12.17745948,7.119386487
12.18762016,7.119413792
12.23129463,7.118823068
12.24061799,7.118808172
12.2497642,7.11968681
12.26135492,7.119887864
12.3042531,7.119845663
12.31358457,7.11989281
12.32266712,7.119197872
12.33370972,7.119788566
12.37686324,7.120329656
12.38609767,7.120131089
12.39554167,7.119202817
12.4067781,7.119959828
12.44838738,7.120687076
12.45755506,7.120667204
12.4666841,7.120533168
12.48068047,7.120116193
12.52131176,7.120652308
12.53040242,7.120818624
12.53951621,7.120947685
12.55115438,7.120950173
12.59376645,7.12056296
12.602844,7.120726789
12.61208415,7.12107177
12.62357068,7.120960093
12.66597939,7.120657283
12.67539692,7.120890588
12.68446136,7.120870746
12.69387412,7.121486287
12.7391119,7.121176014
12.74802709,7.121468903
12.75749373,7.120895563
12.76707911,7.121017161
12.81131363,7.121419269
12.82066274,7.121662494
12.8298099,7.121722079
12.84057641,7.121741921
12.88283467,7.12181886
12.89198971,7.121727025
12.90137291,7.121533434
12.9116087,7.121898287
12.95572233,7.122459218
12.96487474,7.122573383
12.97409081,7.121799018
12.98519135,7.122297907
13.02908349,7.121933025
13.03824306,7.122866272
13.04732943,7.122402151
13.05946422,7.121915671
13.10266924,7.122538645
13.11181998,7.122627992
13.12094188,7.122637943
13.13272166,7.122977979
13.19240189,7.12320382
13.20158362,7.122903498
13.21081901,7.122943211
13.22130442,7.123315527
13.26506352,7.123126881
13.27412963,7.122809175
13.28322601,7.123516551
13.29690909,7.123484301
13.33769798,7.123484301
13.3469522,7.123802008
13.35605049,7.123211283
13.36673403,7.123432179
13.41298604,7.123687813
13.42211771,7.124365397
13.43155384,7.123427204
13.44185209,7.12361585
13.48659325,7.123811929
13.49581909,7.12337757
13.50514674,7.124025361
13.5143435,7.124338122
13.56079435,7.124256208
13.57009125,7.124087434
13.57923174,7.123553807
13.58875322,7.124449799
13.63527799,7.123968294
13.64464211,7.124127147
13.6542573,7.124521793
13.66535234,7.123772215
13.70972133,7.123960831
13.71888351,7.124295921
13.72805882,7.124467183
13.73767066,7.12484939
13.79323649,7.12410233
13.80228758,7.124705433
13.81138206,7.125258932
13.82123494,7.124616086
13.8675096,7.124859341
13.87671828,7.124876695
13.88638186,7.125350767
13.89726329,7.124626036
13.94141006,7.125167096
13.950665,7.125757821
13.96013093,7.125561742
13.97127032,7.125775205
14.01606441,7.12583476
14.02520251,7.125847168
14.03419685,7.125340846
14.04469848,7.125728028
14.09280539,7.126231893
14.1019454,7.126452789
14.11102152,7.125939003
14.12327504,7.125804967
14.16843128,7.126621563
14.17756939,7.126269118
14.18686724,7.126152466
14.19854522,7.12613757
14.24254799,7.126422996
14.25184846,7.126120186
14.26104331,7.125869497
14.27225804,7.12676552
14.31770778,7.127078251
14.32670903,7.126978982
14.33596253,7.126470172
14.34602308,7.126651355
14.39111948,7.12715519
14.4005816,7.127048458
14.40962005,7.126415563
14.42156768,7.127127885
14.46520424,7.126854867
14.47457623,7.127517555
14.48375058,7.127510122
14.49554467,7.126698502
14.54005408,7.127259433
14.54933977,7.127887383
14.55868387,7.12760939
14.56908679,7.127368652
14.61341953,7.127450567
14.62261796,7.127758322
14.6317656,7.127994114
14.64227796,7.127542402
14.68741727,7.127678896
14.69665027,7.128068566
14.70591998,7.127889871
14.72233605,7.127865054
14.76259422,7.128224931
14.77153945,7.128004035
14.78081465,7.127887383
14.79124975,7.127718609
14.83627367,7.128083462
14.84565449,7.128676674
14.85487127,7.128180272
14.86544538,7.128239827
14.91022253,7.128887649
14.91944933,7.128011498
14.92854548,7.128428473
14.94047379,7.128974509
14.98410606,7.128847936
14.99327064,7.128686595
15.00290442,7.129185484
15.01297188,7.128984429
15.05921197,7.128981942
15.06832862,7.129565233
15.07765365,7.129158179
15.08784223,7.129143283
15.13223982,7.129386538
15.14163995,7.129545361
15.15071177,7.129235118
15.16199613,7.129205325
15.20636177,7.129652093
15.21551108,7.129282294
15.22472382,7.129801025
15.23584247,7.130096372
15.27927804,7.129644659
15.28864598,7.129853147
15.29785228,7.130079018
15.30731726,7.12911349
15.35376668,7.130180774
15.36296916,7.129897806
15.37209868,7.129433684
15.38394976,7.13007653
15.42900634,7.130222975
15.43803596,7.129825842
15.44718146,7.130136085
15.45727515,7.130391749
15.50287795,7.12974144
15.512182,7.130620078
15.52162385,7.130178286
15.53457284,7.130399182
15.57730055,7.130731785
15.58645844,7.130165878
15.59553218,7.130083964
15.60706735,7.130925376
15.65182495,7.130721834
15.66101789,7.130409103
15.67065263,7.13099734
15.68056703,7.131113992
15.73706388,7.13087823
15.74625921,7.130677176
15.75537944,7.130930352
15.76645899,7.131143784
15.81116343,7.130925376
15.82029414,7.131324967
15.82936931,7.131367168
15.83901429,7.131436674
15.88645673,7.131501204
15.89556098,7.131322509
15.90473652,7.131674954
15.91412115,7.131203369
15.96036983,7.131804014
15.96960044,7.131324967
15.97870111,7.131707204
15.98886967,7.131699771
16.03498054,7.131307613
16.04434896,7.131727075
16.05345058,7.132101849
16.06406331,7.131880953
16.11004972,7.131734509
16.11938381,7.132042294
16.12870932,7.131898337
16.1394856,7.131359735
16.18392754,7.132335154
16.19306755,7.132359971
16.20253158,7.132459269
16.21536088,7.132032343
16.25821662,7.132322745
16.26756525,7.132498982
16.2767868,7.132216014
16.28974795,7.13219866
16.33422637,7.132548616
16.34362984,7.13229544
16.35276771,7.132109282
16.36563873,7.133079756
16.40829778,7.132464214
16.41749358,7.132987921
16.42685366,7.132839018
16.43857527,7.132762049
16.48265648,7.132868781
16.49181795,7.132987921
16.50101161,7.133149261
16.51268315,7.133054939
16.55591512,7.133263426
16.56494761,7.133489297
16.5741632,7.132940774
16.58559465,7.133151749
16.62864494,7.133717626
16.63779688,7.133404895
16.64684606,7.133630767
16.65837502,7.133449584
16.70058322,7.133881455
16.70966911,7.133255993
16.71894169,7.133948473
16.72932172,7.134017949
16.77504969,7.13378962
16.78411603,7.134161906
16.79311705,7.134127168
16.80285788,7.133861583
16.84863329,7.133826845
16.85779071,7.13376729
16.86698604,7.133620846
16.87798405,7.133970802
16.92175317,7.133685376
16.93080473,7.134308351
16.93999457,7.134415082
16.94940114,7.134161906
16.99604535,7.134454795
17.00550461,7.134159448
17.01455998,7.134583856
17.02786922,7.134531734
17.07056427,7.134070071
17.07955003,7.134489533
17.08872962,7.135025648
17.10066557,7.134102351
17.1455853,7.134747685
17.15464187,7.134462228
17.16382694,7.134856874
17.1740098,7.135149763
17.22075033,7.134874258
17.22981334,7.134931355
17.23888111,7.134045254
17.25041771,7.134576423
17.29414892,7.135390531
17.30366898,7.134573935
17.31272364,7.13475263
17.32342625,7.135303641
17.3674345,7.135323513
17.37664056,7.135080257
17.38582778,7.135000831
17.3979032,7.135144788
17.44186568,7.1351423
17.45104957,7.135628781
17.46049476,7.135239111
17.47148895,7.135603963
17.51530409,7.135482336
17.52432299,7.135956408
17.53349805,7.135070337
17.54454827,7.135929103
17.58841681,7.135894365
17.59761214,7.136125182
17.60680437,7.13577025
17.61858106,7.135926645
17.66275978,7.136011017
17.67197871,7.136100365
17.68101764,7.136502473
17.6944313,7.136117749
17.74769044,7.135872036
17.75695539,7.136117749
17.76610017,7.136298931
17.77770853,7.136189712
17.82062387,7.135673469
17.82974839,7.136048243
17.83891797,7.13600853
17.85010576,7.136552107
17.89419413,7.136380846
17.90336537,7.135936566
17.91267872,7.136616638
17.921942,7.136447864
17.96743274,7.136174846
17.97690964,7.135847219
17.98601913,7.136313828
17.99916625,7.136738236
18.04221034,7.136405663
18.05126572,7.136487577
18.06074643,7.136760595
18.07053781,7.13661415
18.11676955,7.136713418
18.12608814,7.137080759
18.13555646,7.136830071
18.14545941,7.136879735
18.19096756,7.137485325
18.20012903,7.137237125
18.20933485,7.137083247
18.22122455,7.136678681
18.26457882,7.137269405
18.27381754,7.1374481
18.28281522,7.137234667
18.29444122,7.137904788
18.33917212,7.137291734
18.34828734,7.13805372
18.35760522,7.138160451
18.3672874,7.137659075
18.41269684,7.137661562
18.42197013,7.137701276
18.43121457,7.138011519
18.44209766,7.138284537
18.48637986,7.137852666
18.49572253,7.138157964
18.50481462,7.138612164
18.51585674,7.137971806
18.56000304,7.137884946
18.56914115,7.138001598
18.57847142,7.138038824
18.58844829,7.13862706
18.63394356,7.138584859
18.64313602,7.138393756
18.65231586,7.137808007
18.663481,7.138220006
18.70689869,7.138535225
18.71607423,7.138373884
18.72548652,7.138277104
18.73634887,7.138701512
18.7811327,7.139475906
18.79051948,7.138552609
18.79978204,7.139011785
18.81278396,7.138957175
18.85485911,7.139279827
18.86413217,7.138689103
18.87359762,7.138991913
18.88322473,7.139359254
18.92779374,7.138954688
18.9370718,7.139391534
18.94604445,7.138949712
18.95558262,7.138932358
19.00240254,7.139691857
19.01151252,7.139356766
19.02073717,7.139108565
19.03048301,7.1397961
19.07878375,7.139116029
19.08789921,7.139083748
19.09703684,7.139746436
19.10818863,7.139202888
19.15555453,7.139835814
19.16468787,7.139905289
19.17380619,7.139987204
19.1853075,7.140051734
19.23103499,7.139498235
19.24015141,7.139314565
19.24937654,7.140481117
19.26064324,7.140458788
19.30745745,7.140059197
19.31656599,7.140113777
19.32569766,7.139994667
19.33617496,7.139992179
19.38266158,7.140277605
19.39189386,7.139997125
19.40104866,7.14059777
19.41049552,7.140808745
19.45795369,7.140592824
19.46717715,7.140572952
19.47628903,7.140396745
19.48781538,7.140205612
19.53383112,7.140222996
19.54277349,7.141066896
19.55193448,7.140689605
19.56349444,7.140481117
19.60884571,7.140647434
19.61813092,7.140414099
19.62745786,7.140702013
19.63845682,7.140833562
19.68429661,7.141104122
19.69373345,7.140823641
19.70283222,7.140399233
19.71294236,7.14057544
19.76966715,7.140706989
19.7788384,7.140697068
19.78802896,7.141074329
19.79966521,7.141503713
19.84409642,7.140823641
19.85331583,7.140992415
19.86240768,7.141178573
19.87402797,7.14120339
19.91933107,7.141069354
19.92870688,7.141109067
19.93788218,7.140865842
19.94723487,7.141411877
19.99381256,7.141612932
20.0031085,7.141463999
20.01265311,7.141037104
20.02294803,7.141853669
20.07172918,7.141178573
20.08074546,7.141238128
20.09005237,7.141935584
20.1014421,7.141655133
20.14868736,7.141483871
20.15778351,7.141888437
20.16703129,7.141352322
20.17824435,7.141310121
20.22289944,7.142379863
20.23243237,7.14206962
20.24170208,7.141652645
20.25231266,7.142566021
20.297822,7.141811498
20.306952,7.142533741
20.31601286,7.142747204
20.32794547,7.142449369
20.37385893,7.142412143
20.38290811,7.142508924
20.39209366,7.141885949
20.40356612,7.142623118
20.44903636,7.142032394
20.45820713,7.142434473
20.46762323,7.142700057
20.47831798,7.142456802
20.52305651,7.14210187
20.53210831,7.142434473
20.54168081,7.14323863
20.55460143,7.142657856
20.59441328,7.142908545
20.60373545,7.142876264
20.61286378,7.142367454
20.62381887,7.142446881
20.66507363,7.142719899
20.67441201,7.142908545
20.68398285,7.142446881
20.69505405,7.142709978
20.73491454,7.143409891
20.74414945,7.142811734
20.75362515,7.143278343
20.76528668,7.143586129
20.8059454,7.143447147
20.81511426,7.143017734
20.82447052,7.143608458
20.83735538,7.143548903
20.87730527,7.143444659
20.88649154,7.142814222
20.89561939,7.143558824
20.90630722,7.143663067
20.94673967,7.142965612
20.95585847,7.143601025
20.96510148,7.143730086
20.97702289,7.14327091
21.01750469,7.144286042
21.02685928,7.143608458
21.03593469,7.143710214
21.04616141,7.143762336
21.08854461,7.144271176
21.09780025,7.143946006
21.10694528,7.143603512
21.11832833,7.143675476
21.15889454,7.143946006
21.1678884,7.143946006
21.17714381,7.144271176
21.18833518,7.14393114
21.22975039,7.144305913
21.23899555,7.14459134
21.248209,7.143764823
21.26004839,7.144303426
21.3001852,7.144325755
21.30938673,7.144149548
21.31845021,7.144328243
21.32984114,7.144551626
21.37036228,7.144184286
21.37947726,7.144080042
21.38871527,7.14432081
21.40162253,7.143923677
21.4416337,7.14459134
21.45074368,7.143993182
21.45999098,7.144511913
21.47179317,7.144881741
21.51209068,7.144596315
21.52155852,7.144462279
21.53068161,7.144827132
21.54150558,7.144089963
21.58204675,7.145415368
21.59115911,7.144789906
21.60065842,7.14504554
21.61172938,7.145105125
21.65327573,7.145015778
21.66235447,7.144668279
21.67172623,7.144995906
21.68288445,7.1453161
21.72378564,7.144936351
21.73281789,7.145517124
21.74206567,7.144663333
21.75111246,7.145273899
21.79476094,7.144755168
21.80394697,7.145343405
21.81296849,7.145209369
21.82485318,7.145062924
21.86578321,7.145497283
21.87496829,7.14564124
21.88414884,7.145648673
21.89442563,7.145765325
21.94689894,7.145740508
21.95614481,7.145149784
21.96562743,7.145430265
21.97613883,7.145651161
22.01656365,7.145986221
22.02595901,7.145579197
22.03504586,7.145328509
22.0461638,7.145718179
22.08840632,7.14633372
22.09763241,7.146033397
22.10676527,7.145611447
22.11620855,7.145688386
22.15907121,7.145790142
22.16852307,7.145963892
22.17782497,7.14612772
22.18699551,7.146328745
22.22933459,7.146092952
22.23874092,7.145790142
22.24781132,7.146519878
22.25732112,7.146959182
22.30029583,7.146241885
22.30934668,7.146311391
22.31835532,7.146145074
22.32788014,7.14624683
22.37057543,7.146524823
22.37973642,7.145966379
22.38895226,7.146738286
22.39913201,7.147103139
22.44046164,7.146641476
22.4494977,7.146351104
22.45872688,7.146849963
22.47023106,7.147105627
22.51171875,7.147140365
22.52082109,7.14678792
22.52993107,7.146107849
22.54340363,7.146584408
22.58246326,7.146921956
22.59171534,7.146998895
22.60082078,7.147343907
22.61224222,7.14711306
22.65259409,7.147075834
22.66195273,7.146718414
22.67103815,7.146889676
22.680547,7.147614437
22.72363901,7.147182566
22.73274541,7.147758394
22.74193978,7.14708081
22.75233078,7.147311626
22.79433107,7.147827899
22.80377221,7.147562315
22.8129108,7.147028688
22.82375264,7.147291785
22.86448288,7.148155527
22.87363863,7.147678967
22.88278008,7.147790644
22.89331126,7.147793132
22.9355135,7.148222515
22.94462538,7.147333956
22.95395756,7.147353827
22.96325493,7.147798107
23.00700831,7.147842766
23.01599455,7.14801157
23.02512431,7.147336443
23.03825378,7.148128222
23.07859492,7.148339197
23.0878489,7.147619412
23.09712172,7.147817949
23.10828424,7.148118271
23.15088916,7.148629569
23.16010952,7.148229978
23.16925073,7.148699074
23.18037271,7.147969369
23.22161794,7.148036387
23.23081994,7.148542709
23.24006891,7.148830623
23.2504673,7.147909784
23.29262304,7.148483154
23.30192399,7.148517892
23.3111403,7.148557605
23.3205843,7.148480666
23.36406446,7.148421081
23.3731339,7.148488099
23.38222957,7.148838056
23.39184451,7.148641977
