Time (s),Position (mm)
0.00,8.9714
0.06,8.9727
0.11,8.9700
0.16,8.9694
0.23,8.9734
0.28,8.9681
0.34,8.9647
0.39,8.9714
0.45,8.9627
0.50,8.9553
0.56,10.2800
0.61,10.6513
0.66,11.3267
0.71,11.5127
0.78,11.6107
0.83,11.7188
0.88,11.7880
0.94,11.8699
0.99,11.8974
1.04,11.9437
1.09,11.9961
1.15,11.9961
1.20,12.0324
1.25,12.0901
1.32,12.1176
1.38,12.1458
1.43,12.1713
1.49,12.1875
1.54,12.2103
1.59,12.2378
1.67,12.2573
1.72,12.2734
1.77,12.2909
1.83,12.2982
1.88,12.3083
1.93,12.3244
2.00,12.3372
2.05,12.3473
2.10,12.3566
2.16,12.3634
2.21,12.3694
2.26,12.3862
2.34,12.3983
2.39,12.4030
2.44,12.4104
2.50,12.4218
2.55,12.4292
2.60,12.4386
2.65,12.4486
2.71,12.4547
2.76,12.4681
2.83,12.4755
2.88,12.4882
2.93,12.5010
2.99,12.5097
3.05,12.5117
3.10,12.5212
3.16,12.5299
3.21,12.5312
3.26,12.5346
3.32,12.5386
3.37,12.5426
3.42,12.5460
3.49,12.5480
3.54,12.5527
3.59,12.5561
3.65,12.5634
3.70,12.5614
3.75,12.5655
3.82,12.5755
3.87,12.5735
3.92,12.5762
3.97,12.5836
4.03,12.5816
4.08,12.5883
4.15,12.5910
4.20,12.5943
4.25,12.5990
4.31,12.6084
4.36,12.6064
4.41,12.6118
4.48,12.6192
4.53,12.6192
4.58,12.6219
4.65,12.6245
4.70,12.6286
4.75,12.6346
4.81,12.6346
4.86,12.6467
4.91,12.6514
4.97,12.6595
5.02,12.6581
5.07,12.6608
5.14,12.6695
5.19,12.6655
5.24,12.6695
5.29,12.6742
5.34,12.6736
5.39,12.6762
5.47,12.6789
5.52,12.6823
5.57,12.6863
5.64,12.6937
5.69,12.6910
5.74,12.6937
5.80,12.6991
5.85,12.6984
5.90,12.7004
5.96,12.7092
6.01,12.7038
6.06,12.7085
6.15,12.7138
6.20,12.7132
6.25,12.7185
6.33,12.7206
6.38,12.7199
6.43,12.7259
6.50,12.7273
6.55,12.7246
6.60,12.7259
6.68,12.7320
6.73,12.7300
6.78,12.7320
6.84,12.7394
6.89,12.7340
6.94,12.7353
7.01,12.7441
7.06,12.7387
7.11,12.7400
7.17,12.7447
7.23,12.7427
7.28,12.7434
7.34,12.7454
7.39,12.7461
7.44,12.7481
7.51,12.7528
7.56,12.7508
7.61,12.7514
7.68,12.7595
7.73,12.7541
7.78,12.7575
7.85,12.7608
7.91,12.7582
7.96,12.7595
8.03,12.7622
8.08,12.7635
8.13,12.7635
8.21,12.7675
8.26,12.7662
8.31,12.7696
8.37,12.7716
8.42,12.7689
8.47,12.7709
8.56,12.7756
8.61,12.7729
8.66,12.7736
8.71,12.7790
8.77,12.7756
8.83,12.7770
8.91,12.7844
8.96,12.7790
9.01,12.7803
9.06,12.7857
9.11,12.7817
9.17,12.7830
9.22,12.7904
9.27,12.7850
9.32,12.7857
9.37,12.7877
9.43,12.7911
9.48,12.7884
9.53,12.7897
9.61,12.7944
9.66,12.7924
9.71,12.7931
9.78,12.8005
9.83,12.7958
9.88,12.7978
9.95,12.8011
10.00,12.7984
10.05,12.7984
10.12,12.8065
10.17,12.8005
10.22,12.8018
10.30,12.8072
10.35,12.8072
10.40,12.8038
10.46,12.8112
10.51,12.8058
10.56,12.8058
10.65,12.8125
10.70,12.8078
10.75,12.8092
10.82,12.8152
10.87,12.8105
10.92,12.8105
10.99,12.8152
11.05,12.8125
11.10,12.8139
11.16,12.8206
11.21,12.8152
11.26,12.8159
11.32,12.8246
11.37,12.8179
11.42,12.8186
11.49,12.8239
11.54,12.8199
11.59,12.8226
11.65,12.8226
11.70,12.8219
11.75,12.8233
11.82,12.8280
11.87,12.8239
11.92,12.8253
11.98,12.8327
12.03,12.8246
12.08,12.8280
12.15,12.8320
12.20,12.8280
12.25,12.8293
12.31,12.8340
12.37,12.8307
12.42,12.8307
12.51,12.8367
12.56,12.8334
12.61,12.8334
12.67,12.8401
12.72,12.8340
12.77,12.8347
12.83,12.8381
12.89,12.8367
12.94,12.8381
13.02,12.8421
13.07,12.8394
13.12,12.8401
13.18,12.8448
13.23,12.8407
13.28,12.8421
13.35,12.8508
13.40,12.8434
13.45,12.8441
13.52,12.8495
13.57,12.8454
13.62,12.8468
13.71,12.8522
13.76,12.8481
13.81,12.8495
13.87,12.8582
13.92,12.8501
13.97,12.8515
14.04,12.8562
14.10,12.8542
14.15,12.8528
14.20,12.8582
14.25,12.8548
14.30,12.8548
14.35,12.8582
14.41,12.8602
14.47,12.8562
14.52,12.8575
14.60,12.8622
14.65,12.8589
14.70,12.8595
14.76,12.8656
14.82,12.8609
14.87,12.8602
14.94,12.8669
14.99,12.8622
15.04,12.8629
15.11,12.8663
15.16,12.8629
15.21,12.8642
15.28,12.8696
15.33,12.8649
15.38,12.8656
15.44,12.8730
15.49,12.8663
15.54,12.8663
15.61,12.8736
15.66,12.8676
15.71,12.8683
15.77,12.8716
15.82,12.8689
15.87,12.8675
15.94,12.8730
16.00,12.8703
16.05,12.8710
16.12,12.8763
16.17,12.8710
16.22,12.8723
16.29,12.8790
16.34,12.8743
16.39,12.8736
16.45,12.8783
16.50,12.8743
16.55,12.8763
16.61,12.8763
16.66,12.8750
16.71,12.8750
16.78,12.8803
16.83,12.8770
16.88,12.8770
16.94,12.8844
16.99,12.8770
17.04,12.8783
17.11,12.8864
17.16,12.8783
17.21,12.8790
17.27,12.8837
17.32,12.8797
17.37,12.8797
17.44,12.8817
17.49,12.8810
17.54,12.8810
17.60,12.8871
17.65,12.8824
17.70,12.8824
17.77,12.8904
17.82,12.8830
17.87,12.8830
17.92,12.8891
17.98,12.8837
18.03,12.8837
18.10,12.8898
18.15,12.8851
18.20,12.8857
18.26,12.8924
18.31,12.8851
18.36,12.8864
18.43,12.8938
18.48,12.8871
18.53,12.8871
18.59,12.8951
18.64,12.8877
18.69,12.8884
18.76,12.8904
18.81,12.8891
18.86,12.8898
18.92,12.8898
18.97,12.8898
19.02,12.8904
19.08,12.8965
19.14,12.8911
19.19,12.8918
19.25,12.8998
19.30,12.8924
19.35,12.8924
19.42,12.8971
19.48,12.8931
19.53,12.8945
19.59,12.9018
19.64,12.8945
19.69,12.8945
19.75,12.9018
19.80,12.8958
19.86,12.8951
19.91,12.8998
19.96,12.8965
20.01,12.8971
20.07,12.9005
20.12,12.8991
20.18,12.8971
20.23,12.9045
20.29,12.8978
20.34,12.8978
20.43,12.8991
20.48,12.8985
20.53,12.8991
20.58,12.9065
20.64,12.8998
20.69,12.8998
20.76,12.9079
20.81,12.9005
20.86,12.9005
20.91,12.9032
20.97,12.9012
21.02,12.9018
21.08,12.9025
21.14,12.9018
21.19,12.9025
21.26,12.9086
21.31,12.9032
21.36,12.9032
21.43,12.9059
21.48,12.9032
21.53,12.9039
21.60,12.9106
21.65,12.9045
21.70,12.9045
21.77,12.9086
21.82,12.9045
21.87,12.9052
21.94,12.9119
21.99,12.9059
22.04,12.9059
22.12,12.9126
22.17,12.9065
22.22,12.9065
22.28,12.9133
22.34,12.9086
22.39,12.9072
22.46,12.9112
22.51,12.9072
22.56,12.9079
22.61,12.9153
22.67,12.9072
22.72,12.9086
22.79,12.9139
22.84,12.9086
22.89,12.9086
22.96,12.9112
23.01,12.9092
23.06,12.9099
23.13,12.9166
23.18,12.9099
23.23,12.9099
23.30,12.9106
23.35,12.9092
23.40,12.9099
23.47,12.9139
23.52,12.9106
23.57,12.9146
23.64,12.9146
23.69,12.9112
23.74,12.9119
23.81,12.9186
23.86,12.9119
23.91,12.9126
23.98,12.9159
24.03,12.9119
24.08,12.9146
24.16,12.9179
24.21,12.9133
24.27,12.9139
24.33,12.9200
24.38,12.9133
24.43,12.9139
24.52,12.9186
24.57,12.9146
24.62,12.9146
24.70,12.9193
24.75,12.9146
24.80,12.9153
24.86,12.9200
24.91,12.9153
24.97,12.9153
25.02,12.9213
25.07,12.9159
25.12,12.9159
25.17,12.9166
25.24,12.9220
25.29,12.9166
25.34,12.9173
25.40,12.9227
25.46,12.9173
25.51,12.9173
25.56,12.9260
25.61,12.9179
25.66,12.9186
25.73,12.9220
25.78,12.9186
25.84,12.9213
25.90,12.9213
25.95,12.9179
26.00,12.9193
26.07,12.9247
26.12,12.9200
26.17,12.9186
26.25,12.9247
26.30,12.9206
26.35,12.9206
26.42,12.9260
26.48,12.9206
26.53,12.9213
26.60,12.9274
26.65,12.9220
26.70,12.9220
26.76,12.9260
26.81,12.9213
26.86,12.9227
26.94,12.9294
26.99,12.9227
27.04,12.9253
27.11,12.9253
27.16,12.9233
27.21,12.9233
27.29,12.9307
27.34,12.9240
27.39,12.9260
27.46,12.9294
27.51,12.9247
27.56,12.9253
27.63,12.9321
27.68,12.9247
27.73,12.9274
27.80,12.9307
27.85,12.9260
27.90,12.9260
27.97,12.9334
28.02,12.9267
28.07,12.9321
28.15,12.9347
28.20,12.9267
28.25,12.9287
28.31,12.9341
28.36,12.9274
28.41,12.9280
28.47,12.9334
28.52,12.9280
28.58,12.9287
28.65,12.9367
28.70,12.9287
28.75,12.9287
28.82,12.9347
28.87,12.9294
28.92,12.9314
28.97,12.9321
29.03,12.9300
29.08,12.9300
29.15,12.9361
29.20,12.9307
29.25,12.9314
29.31,12.9388
29.36,12.9307
29.41,12.9314
29.48,12.9374
29.53,12.9314
29.58,12.9334
29.64,12.9334
29.69,12.9321
29.74,12.9321
29.81,12.9367
29.86,12.9327
29.91,12.9327
29.97,12.9388
30.02,12.9321
30.07,12.9341
30.16,12.9381
30.21,12.9334
30.26,12.9341
30.34,12.9388
30.39,12.9341
30.44,12.9347
30.51,12.9401
30.56,12.9341
30.61,12.9374
30.67,12.9381
30.72,12.9354
30.77,12.9354
30.83,12.9408
30.88,12.9354
30.93,12.9354
31.00,12.9421
31.06,12.9361
31.11,12.9408
31.16,12.9408
31.21,12.9361
31.26,12.9367
31.32,12.9401
31.38,12.9367
31.43,12.9367
31.51,12.9435
31.56,12.9367
31.61,12.9408
31.67,12.9408
31.72,12.9374
31.77,12.9388
31.83,12.9408
31.88,12.9381
31.93,12.9381
32.00,12.9435
32.05,12.9381
32.10,12.9388
32.15,12.9448
32.21,12.9388
32.26,12.9388
32.34,12.9435
32.39,12.9388
32.44,12.9388
32.50,12.9435
32.55,12.9388
32.60,12.9394
32.67,12.9468
32.72,12.9394
32.77,12.9435
32.83,12.9435
32.88,12.9401
32.93,12.9401
33.00,12.9441
33.05,12.9401
33.10,12.9408
33.17,12.9455
33.22,12.9408
33.27,12.9408
33.34,12.9435
33.39,12.9415
33.44,12.9415
33.51,12.9441
33.56,12.9415
33.61,12.9415
33.68,12.9482
33.73,12.9415
33.78,12.9415
33.85,12.9482
33.90,12.9421
33.95,12.9421
34.02,12.9462
34.07,12.9455
34.12,12.9428
34.20,12.9475
34.25,12.9428
34.30,12.9455
34.37,12.9488
34.43,12.9435
34.48,12.9435
34.55,12.9502
34.60,12.9435
34.65,12.9448
34.72,12.9502
34.77,12.9441
34.82,12.9441
34.89,12.9509
34.94,12.9441
34.99,12.9448
35.06,12.9482
35.11,12.9448
35.16,12.9455
35.23,12.9495
35.28,12.9455
35.33,12.9448
35.41,12.9482
35.46,12.9455
35.51,12.9448
35.58,12.9515
35.63,12.9455
35.68,12.9462
35.75,12.9509
35.80,12.9455
35.85,12.9462
35.92,12.9535
35.97,12.9462
36.02,12.9462
36.10,12.9509
36.15,12.9462
36.20,12.9468
36.26,12.9522
36.31,12.9468
36.37,12.9468
36.43,12.9529
36.48,12.9475
36.53,12.9488
36.59,12.9488
36.64,12.9475
36.69,12.9475
36.76,12.9515
36.81,12.9475
36.86,12.9482
36.91,12.9549
36.97,12.9468
37.02,12.9482
37.09,12.9555
37.14,12.9482
37.19,12.9495
37.26,12.9495
37.31,12.9475
37.36,12.9488
37.42,12.9529
37.47,12.9488
37.52,12.9488
37.57,12.9535
37.63,12.9495
37.68,12.9495
37.73,12.9495
37.78,12.9535
37.84,12.9495
37.89,12.9495
37.97,12.9549
38.02,12.9495
38.07,12.9509
38.13,12.9582
38.19,12.9495
38.24,12.9495
38.31,12.9542
38.36,12.9502
38.41,12.9502
38.47,12.9555
38.52,12.9509
38.58,12.9509
38.63,12.9589
38.69,12.9509
38.74,12.9509
38.80,12.9555
38.85,12.9509
38.90,12.9529
38.97,12.9542
39.02,12.9515
39.07,12.9522
39.14,12.9569
39.19,12.9522
39.24,12.9522
39.30,12.9569
39.35,12.9522
39.40,12.9562
39.46,12.9555
39.52,12.9529
39.57,12.9529
39.64,12.9589
39.69,12.9529
39.74,12.9529
39.81,12.9562
39.86,12.9529
39.91,12.9535
39.98,12.9596
40.03,12.9535
40.08,12.9542
40.15,12.9562
40.20,12.9542
40.25,12.9542
40.32,12.9589
40.37,12.9542
40.42,12.9549
40.47,12.9623
40.53,12.9542
40.58,12.9549
40.65,12.9609
40.70,12.9549
40.75,12.9576
40.81,12.9576
40.86,12.9549
40.91,12.9562
40.97,12.9589
41.02,12.9549
41.07,12.9555
41.13,12.9576
41.18,12.9555
41.24,12.9555
41.29,12.9602
41.34,12.9555
41.39,12.9555
41.44,12.9569
41.51,12.9609
41.57,12.9562
41.62,12.9569
41.68,12.9629
41.73,12.9562
41.78,12.9569
41.84,12.9650
41.90,12.9569
41.95,12.9569
42.01,12.9656
42.06,12.9576
42.11,12.9569
42.18,12.9629
42.23,12.9576
42.28,12.9576
42.35,12.9656
42.40,12.9576
42.45,12.9576
42.52,12.9636
42.57,12.9582
42.62,12.9602
42.68,12.9602
42.73,12.9589
42.78,12.9582
42.85,12.9670
42.90,12.9589
42.95,12.9589
43.01,12.9656
43.06,12.9589
43.11,12.9589
43.17,12.9670
43.23,12.9596
43.28,12.9636
43.33,12.9636
43.39,12.9602
43.44,12.9602
43.51,12.9676
43.56,12.9602
43.61,12.9602
43.67,12.9623
43.72,12.9596
43.77,12.9602
43.83,12.9602
43.89,12.9602
43.94,12.9602
44.01,12.9683
44.06,12.9602
44.11,12.9609
44.19,12.9656
44.25,12.9609
44.30,12.9609
44.37,12.9656
44.42,12.9609
44.47,12.9609
44.55,12.9663
44.60,12.9616
44.65,12.9623
44.72,12.9670
44.77,12.9623
44.82,12.9623
44.89,12.9643
44.94,12.9623
44.99,12.9629
45.06,12.9690
45.11,12.9623
45.16,12.9623
45.22,12.9703
45.27,12.9629
45.32,12.9636
45.39,12.9656
45.44,12.9629
45.49,12.9636
45.55,12.9636
45.60,12.9629
45.65,12.9636
45.71,12.9683
45.77,12.9629
45.82,12.9656
45.89,12.9697
45.94,12.9656
45.99,12.9656
46.05,12.9697
46.10,12.9670
46.15,12.9656
46.22,12.9737
46.27,12.9663
46.32,12.9670
46.40,12.9697
46.45,12.9663
46.50,12.9670
46.57,12.9737
46.62,12.9670
46.67,12.9670
46.73,12.9697
46.78,12.9676
46.83,12.9670
46.91,12.9710
46.96,12.9670
47.01,12.9703
47.08,12.9717
47.14,12.9670
47.19,12.9676
47.26,12.9710
47.31,12.9676
47.36,12.9683
47.42,12.9730
47.47,12.9676
47.52,12.9683
47.60,12.9764
47.65,12.9676
47.70,12.9683
47.77,12.9737
47.82,12.9683
47.87,12.9690
47.94,12.9743
47.99,12.9683
48.04,12.9697
48.12,12.9757
48.17,12.9670
48.22,12.9670
48.28,12.9723
48.33,12.9670
48.38,12.9676
48.46,12.9737
48.51,12.9676
48.56,12.9676
48.61,12.9757
48.66,12.9670
48.71,12.9676
48.78,12.9737
48.83,12.9683
48.88,12.9683
48.95,12.9723
49.00,12.9683
49.05,12.9683
49.12,12.9757
49.18,12.9683
49.23,12.9710
49.30,12.9737
49.35,12.9690
49.40,12.9697
49.47,12.9777
49.52,12.9690
49.57,12.9703
49.63,12.9757
49.68,12.9697
49.73,12.9697
49.80,12.9764
49.85,12.9697
49.90,12.9697
49.96,12.9743
50.01,12.9697
50.07,12.9703
50.13,12.9750
50.18,12.9703
50.23,12.9710
50.30,12.9750
50.35,12.9710
50.40,12.9710
50.46,12.9797
50.51,12.9710
50.56,12.9710
50.63,12.9730
50.68,12.9717
50.73,12.9717
50.80,12.9757
50.85,12.9717
50.90,12.9717
50.96,12.9804
51.01,12.9737
51.06,12.9737
51.13,12.9804
51.18,12.9743
51.23,12.9743
51.29,12.9770
51.34,12.9743
51.39,12.9743
51.46,12.9797
51.51,12.9750
51.56,12.9757
51.62,12.9831
51.67,12.9750
51.72,12.9750
51.79,12.9811
51.84,12.9757
51.89,12.9777
51.95,12.9777
52.00,12.9764
52.05,12.9784
52.12,12.9844
52.17,12.9764
52.22,12.9764
52.28,12.9851
52.34,12.9757
52.39,12.9770
52.45,12.9790
52.51,12.9770
52.56,12.9777
52.61,12.9831
52.67,12.9777
52.72,12.9777
52.79,12.9864
52.84,12.9777
52.89,12.9777
52.96,12.9831
53.01,12.9784
53.06,12.9764
53.13,12.9831
53.18,12.9764
53.23,12.9770
53.30,12.9824
53.35,12.9770
53.40,12.9777
53.47,12.9831
53.52,12.9777
53.57,12.9784
53.63,12.9831
53.68,12.9784
53.73,12.9784
53.80,12.9804
53.85,12.9784
53.90,12.9797
53.96,12.9797
54.01,12.9790
54.06,12.9811
54.13,12.9885
54.18,12.9797
54.23,12.9797
54.30,12.9831
54.35,12.9797
54.40,12.9811
54.47,12.9844
54.52,12.9804
54.57,12.9811
54.63,12.9878
54.68,12.9811
54.73,12.9811
54.79,12.9891
54.85,12.9817
54.90,12.9817
54.96,12.9851
55.01,12.9817
55.06,12.9838
55.12,12.9838
55.17,12.9824
55.22,12.9824
55.28,12.9871
55.33,12.9831
55.38,12.9824
55.45,12.9905
55.50,12.9831
55.55,12.9831
55.62,12.9864
55.67,12.9838
55.72,12.9838
55.79,12.9891
55.84,12.9838
55.89,12.9844
55.95,12.9925
56.00,12.9844
56.06,12.9851
56.12,12.9918
56.17,12.9844
56.22,12.9864
56.28,12.9864
56.33,12.9817
56.38,12.9851
56.46,12.9925
56.51,12.9858
56.56,12.9851
56.62,12.9911
56.67,12.9864
56.72,12.9858
56.78,12.9878
56.84,12.9864
56.89,12.9871
56.95,12.9911
57.00,12.9864
57.05,12.9871
57.11,12.9938
57.17,12.9871
57.22,12.9871
57.27,12.9925
57.32,12.9871
57.37,12.9871
57.44,12.9898
57.50,12.9878
57.55,12.9885
57.61,12.9885
57.66,12.9878
57.71,12.9885
57.77,12.9945
57.83,12.9885
57.88,12.9885
57.93,12.9952
57.99,12.9885
58.04,12.9891
58.11,12.9918
58.16,12.9891
58.21,12.9885
58.28,12.9958
58.33,12.9885
58.38,12.9898
58.45,12.9905
58.50,12.9898
58.55,12.9905
58.61,12.9965
58.67,12.9898
58.72,12.9905
58.78,12.9945
58.84,12.9905
58.89,12.9905
58.95,12.9931
59.00,12.9905
59.05,12.9918
59.11,12.9918
59.16,12.9905
59.21,12.9911
59.29,12.9978
59.34,12.9918
59.39,12.9918
59.46,12.9958
59.51,12.9918
59.56,12.9918
59.62,12.9985
59.67,12.9918
59.72,12.9918
59.79,12.9985
59.84,12.9925
59.89,12.9925
59.95,12.9945
60.00,12.9918
60.05,12.9945
60.12,13.0005
60.17,12.9931
60.22,12.9931
60.28,12.9978
60.33,12.9931
60.38,12.9931
60.45,12.9952
60.51,12.9938
60.56,12.9938
60.63,12.9985
60.68,12.9938
60.73,12.9945
60.80,12.9985
60.85,12.9938
60.90,12.9945
60.96,13.0005
61.01,12.9945
61.06,12.9945
61.13,13.0026
61.18,12.9945
61.23,12.9945
61.29,12.9992
61.34,12.9945
61.39,12.9952
61.46,12.9992
61.51,12.9952
61.56,12.9958
61.62,13.0059
61.67,12.9972
61.72,12.9972
61.79,13.0032
61.85,12.9978
61.90,13.0039
61.96,13.0039
62.01,12.9978
62.06,13.0019
62.13,13.0039
62.18,12.9985
62.23,12.9985
62.29,13.0066
62.34,13.0005
62.39,12.9985
62.46,13.0066
62.51,12.9985
62.56,13.0026
62.62,13.0019
62.67,12.9992
62.72,12.9992
62.79,13.0046
62.84,12.9992
62.89,12.9992
62.95,13.0059
63.00,12.9992
63.06,12.9999
63.13,12.9985
63.18,12.9992
63.23,12.9992
63.31,13.0039
63.36,12.9999
63.41,13.0005
63.49,13.0046
63.55,13.0005
63.60,13.0005
63.67,13.0019
63.73,12.9985
63.78,12.9992
63.85,13.0032
63.90,12.9985
63.95,12.9992
64.02,13.0059
64.07,12.9999
64.12,12.9992
64.19,13.0019
64.25,12.9992
64.30,13.0052
64.36,13.0052
64.41,12.9985
64.46,13.0005
64.52,13.0039
64.57,12.9999
64.62,12.9992
64.67,13.0039
64.73,13.0039
64.78,12.9999
64.83,12.9999
64.89,13.0059
64.94,12.9999
64.99,13.0005
65.06,13.0039
65.11,12.9999
65.16,13.0005
65.24,13.0073
65.29,13.0005
65.34,13.0005
65.41,13.0052
65.46,12.9999
65.51,13.0012
65.58,13.0079
65.63,13.0005
65.68,13.0005
65.73,13.0052
65.79,12.9978
65.84,13.0012
65.89,13.0032
65.94,13.0012
66.01,13.0012
66.08,13.0019
66.13,13.0019
66.18,13.0012
66.26,13.0093
66.31,13.0019
66.36,12.9985
66.44,13.0039
66.49,13.0019
66.54,13.0019
66.60,13.0099
66.65,13.0019
66.70,13.0019
66.77,13.0086
66.82,13.0026
66.87,13.0019
66.93,13.0052
66.98,13.0019
67.03,13.0032
67.09,13.0032
67.14,13.0032
67.19,13.0019
67.25,13.0093
67.31,13.0026
67.36,13.0026
67.41,13.0073
67.47,13.0026
67.52,13.0032
67.58,13.0073
67.63,13.0026
67.68,13.0026
67.73,13.0052
67.78,13.0052
67.84,13.0032
67.89,13.0039
67.95,13.0079
68.00,13.0032
68.05,13.0039
68.11,13.0146
68.16,13.0039
68.21,13.0032
68.28,13.0093
68.33,13.0032
68.38,13.0046
68.45,13.0079
68.50,13.0039
68.55,13.0039
68.62,13.0099
68.67,13.0039
68.72,13.0046
68.79,13.0079
68.84,13.0039
68.89,13.0039
68.96,13.0066
69.01,13.0039
69.06,13.0039
69.13,13.0086
69.18,13.0046
69.23,13.0046
69.29,13.0093
69.34,13.0052
69.39,13.0046
69.46,13.0119
69.51,13.0052
69.56,13.0046
69.62,13.0099
69.67,13.0046
69.72,13.0052
69.79,13.0079
69.84,13.0046
69.89,13.0059
69.96,13.0119
70.01,13.0052
70.06,13.0059
70.13,13.0093
70.19,13.0059
70.24,13.0059
70.31,13.0126
70.36,13.0052
70.41,13.0079
70.48,13.0099
70.53,13.0059
70.58,13.0059
70.65,13.0126
70.70,13.0059
70.75,13.0059
70.82,13.0093
70.87,13.0066
70.92,13.0066
70.98,13.0146
71.03,13.0066
71.08,13.0066
71.15,13.0066
71.21,13.0073
71.26,13.0079
71.32,13.0079
71.37,13.0066
71.42,13.0066
71.48,13.0119
71.54,13.0066
71.59,13.0045
71.65,13.0146
71.70,13.0073
71.75,13.0066
71.81,13.0140
71.87,13.0073
71.92,13.0099
71.97,13.0099
72.03,13.0073
72.08,13.0099
72.15,13.0173
72.20,13.0079
72.25,13.0079
72.31,13.0119
72.36,13.0079
72.41,13.0079
72.49,13.0146
72.54,13.0079
72.60,13.0079
72.66,13.0126
72.71,13.0079
72.76,13.0079
72.83,13.0146
72.88,13.0079
72.93,13.0086
72.99,13.0173
73.05,13.0079
73.10,13.0086
73.16,13.0140
73.21,13.0086
73.26,13.0086
73.32,13.0106
73.37,13.0086
73.42,13.0093
73.47,13.0140
73.53,13.0086
73.59,13.0079
73.65,13.0106
73.70,13.0093
73.75,13.0093
73.84,13.0153
73.89,13.0093
73.94,13.0093
74.01,13.0146
74.06,13.0099
74.11,13.0099
74.19,13.0166
74.24,13.0099
74.29,13.0106
74.35,13.0146
74.41,13.0099
74.46,13.0099
74.51,13.0166
74.57,13.0099
74.62,13.0099
74.68,13.0166
74.73,13.0106
74.78,13.0099
74.86,13.0180
74.91,13.0106
74.96,13.0106
75.03,13.0166
75.08,13.0106
75.13,13.0119
75.19,13.0119
75.25,13.0106
75.30,13.0113
75.36,13.0160
75.41,13.0106
75.46,13.0113
75.53,13.0160
75.58,13.0113
75.63,13.0113
75.68,13.0187
75.73,13.0113
75.78,13.0113
75.85,13.0187
75.91,13.0113
75.96,13.0146
76.02,13.0146
76.07,13.0126
76.12,13.0119
76.19,13.0153
76.24,13.0119
76.29,13.0119
76.36,13.0200
76.41,13.0119
76.46,13.0140
76.53,13.0187
76.58,13.0126
76.63,13.0126
76.70,13.0166
76.75,13.0126
76.80,13.0126
76.87,13.0193
76.92,13.0106
76.97,13.0126
77.04,13.0166
77.10,13.0126
77.15,13.0133
77.22,13.0193
77.27,13.0133
77.32,13.0133
77.38,13.0153
77.43,13.0105
77.48,13.0133
77.54,13.0200
77.59,13.0133
77.65,13.0133
77.71,13.0153
77.77,13.0140
77.82,13.0140
77.91,13.0180
77.96,13.0140
78.01,13.0140
78.07,13.0187
78.12,13.0126
78.18,13.0140
78.23,13.0207
78.28,13.0146
78.33,13.0146
78.38,13.0160
78.45,13.0187
78.50,13.0146
78.55,13.0180
78.62,13.0173
78.67,13.0146
78.72,13.0153
78.78,13.0234
78.84,13.0153
78.89,13.0153
78.96,13.0180
79.01,13.0153
79.06,13.0160
79.12,13.0187
79.17,13.0153
79.22,13.0160
79.29,13.0214
79.34,13.0160
79.39,13.0160
79.45,13.0234
79.51,13.0160
79.56,13.0173
79.61,13.0200
79.66,13.0166
79.71,13.0166
79.79,13.0214
79.84,13.0166
79.89,13.0207
79.96,13.0220
80.01,13.0173
80.07,13.0187
80.14,13.0227
80.20,13.0173
80.25,13.0173
80.31,13.0240
80.36,13.0173
80.41,13.0173
80.48,13.0207
80.53,13.0173
80.58,13.0187
80.63,13.0187
80.68,13.0173
80.73,13.0180
80.80,13.0240
80.85,13.0180
80.91,13.0180
80.96,13.0254
81.01,13.0180
81.06,13.0187
81.13,13.0234
81.18,13.0180
81.23,13.0187
81.30,13.0220
81.35,13.0187
81.40,13.0193
81.46,13.0214
81.51,13.0193
81.56,13.0193
81.61,13.0254
81.67,13.0187
81.72,13.0200
81.77,13.0274
81.82,13.0193
81.87,13.0193
81.95,13.0247
82.00,13.0200
82.05,13.0200
82.14,13.0254
82.19,13.0200
82.24,13.0200
82.31,13.0254
82.37,13.0207
82.42,13.0200
82.50,13.0254
82.55,13.0200
82.60,13.0207
82.67,13.0227
82.72,13.0207
82.77,13.0207
82.82,13.0207
82.88,13.0207
82.93,13.0207
82.99,13.0274
83.05,13.0214
83.10,13.0214
83.16,13.0274
83.21,13.0214
83.26,13.0220
83.32,13.0294
83.37,13.0214
83.43,13.0214
83.49,13.0274
83.54,13.0234
83.59,13.0294
83.66,13.0274
83.71,13.0227
83.76,13.0240
83.82,13.0307
83.87,13.0247
83.92,13.0240
84.00,13.0287
84.05,13.0247
84.10,13.0254
84.16,13.0281
84.21,13.0247
84.26,13.0254
84.31,13.0314
84.38,13.0247
84.43,13.0247
84.51,13.0307
84.56,13.0254
84.61,13.0267
84.67,13.0267
84.72,13.0247
84.77,13.0254
84.84,13.0254
84.89,13.0254
84.94,13.0227
85.01,13.0294
85.06,13.0254
85.11,13.0267
85.18,13.0321
85.23,13.0254
85.28,13.0254
85.36,13.0321
85.41,13.0261
85.46,13.0261
85.52,13.0328
85.58,13.0247
85.63,13.0247
85.68,13.0294
85.74,13.0247
85.79,13.0247
85.86,13.0314
85.91,13.0247
85.96,13.0247
86.04,13.0287
86.10,13.0274
86.15,13.0254
86.22,13.0294
86.27,13.0254
86.32,13.0261
86.37,13.0301
86.43,13.0301
86.48,13.0254
86.53,13.0273
86.60,13.0307
86.65,13.0261
86.70,13.0261
86.76,13.0307
86.81,13.0261
86.87,13.0261
86.95,13.0307
87.00,13.0254
87.06,13.0274
87.11,13.0301
87.16,13.0261
87.21,13.0267
87.28,13.0328
87.33,13.0267
87.38,13.0267
87.46,13.0341
87.51,13.0267
87.56,13.0267
87.62,13.0328
87.67,13.0274
87.72,13.0267
87.80,13.0307
87.85,13.0274
87.90,13.0274
87.97,13.0334
88.02,13.0261
88.07,13.0281
88.13,13.0307
88.18,13.0281
88.23,13.0281
88.28,13.0348
88.33,13.0294
88.38,13.0281
88.43,13.0294
88.49,13.0334
88.54,13.0281
88.59,13.0281
88.65,13.0348
88.70,13.0281
88.75,13.0281
88.82,13.0361
88.87,13.0281
88.92,13.0328
88.98,13.0328
89.03,13.0287
89.08,13.0294
89.15,13.0328
89.20,13.0287
89.25,13.0287
89.31,13.0334
89.36,13.0287
89.41,13.0287
89.48,13.0375
89.53,13.0294
89.58,13.0287
89.66,13.0321
89.71,13.0294
89.76,13.0328
89.84,13.0334
89.89,13.0294
89.94,13.0294
90.02,13.0348
90.08,13.0314
90.13,13.0328
90.21,13.0341
90.26,13.0301
90.31,13.0328
90.39,13.0341
90.44,13.0301
90.49,13.0341
90.56,13.0348
90.61,13.0301
90.66,13.0301
90.71,13.0348
90.76,13.0294
90.81,13.0307
90.86,13.0361
90.92,13.0334
90.98,13.0321
91.03,13.0348
91.08,12.9555
91.13,11.8947
91.18,11.4496
91.23,11.3965
91.31,11.2790
91.36,11.0447
91.41,10.9292
91.49,10.9104
91.54,10.7748
91.59,10.7057
91.68,10.6795
91.73,10.5915
91.78,10.5398
91.84,10.5297
91.89,10.4908
91.94,10.4351
92.01,10.4277
92.06,10.3793
92.11,10.3451
92.18,10.3377
92.23,10.2941
92.28,10.2686
92.35,10.2659
92.40,10.2236
92.45,10.2075
92.51,10.2095
92.56,10.1793
92.61,10.1578
92.69,10.1504
92.74,10.1249
92.79,10.1074
92.86,10.1021
92.91,10.0799
92.96,10.0665
93.03,10.0618
93.08,10.0443
93.13,10.0295
93.21,10.0336
93.26,10.0087
93.31,9.9980
93.37,9.9987
93.43,9.9799
93.48,9.9684
93.55,9.9664
93.60,9.9510
93.65,9.9423
93.71,9.9436
93.77,9.9248
93.82,9.9188
93.87,9.9215
93.92,9.9067
93.97,9.8980
94.04,9.8986
94.10,9.8845
94.15,9.8771
94.23,9.8731
94.28,9.8630
94.33,9.8556
94.40,9.8556
94.45,9.8436
94.50,9.8395
94.56,9.8456
94.61,9.8275
94.66,9.8241
94.72,9.8228
94.77,9.8167
94.82,9.8107
94.91,9.8120
94.96,9.7972
95.01,9.7932
95.08,9.7932
95.13,9.7838
95.18,9.7804
95.23,9.7831
95.29,9.7731
95.34,9.7684
95.41,9.7677
95.46,9.7590
95.51,9.7556
95.57,9.7590
95.62,9.7496
95.67,9.7449
95.74,9.7455
95.79,9.7375
95.84,9.7335
95.90,9.7375
95.95,9.7267
96.00,9.7234
96.07,9.7301
96.12,9.7160
96.17,9.7147
96.23,9.7160
96.28,9.7079
96.33,9.7059
96.40,9.7079
96.45,9.6992
96.50,9.6965
96.57,9.7032
96.62,9.6891
96.67,9.6878
96.73,9.6932
96.78,9.6817
96.83,9.6797
96.90,9.6791
96.96,9.6730
97.01,9.6710
97.07,9.6737
97.12,9.6656
97.17,9.6643
97.23,9.6697
97.28,9.6589
97.34,9.6569
97.40,9.6589
97.45,9.6522
97.50,9.6502
97.56,9.6549
97.61,9.6468
97.66,9.6435
97.73,9.6495
97.78,9.6388
97.83,9.6374
97.89,9.6415
97.95,9.6341
98.00,9.6314
98.07,9.6327
98.12,9.6267
98.17,9.6247
98.23,9.6307
98.28,9.6220
98.33,9.6193
98.40,9.6207
98.45,9.6186
98.50,9.6160
98.56,9.6227
98.62,9.6119
98.67,9.6106
98.73,9.6139
98.78,9.6072
98.83,9.6052
98.90,9.6079
98.95,9.6012
99.00,9.5998
99.06,9.5998
99.12,9.5965
99.17,9.5965
99.22,9.6005
99.27,9.5925
99.32,9.5904
99.39,9.5978
99.44,9.5864
99.49,9.5857
99.55,9.5877
99.60,9.5831
99.65,9.5810
99.72,9.5877
99.77,9.5784
99.82,9.5777
99.88,9.5797
99.93,9.5743
99.98,9.5730
100.05,9.5750
100.11,9.5689
100.16,9.5676
100.21,9.5750
100.27,9.5656
100.32,9.5643
100.39,9.5683
100.44,9.5616
100.49,9.5616
100.55,9.5636
100.60,9.5555
100.65,9.5542
100.71,9.5582
100.77,9.5515
100.82,9.5508
100.88,9.5582
100.93,9.5482
100.98,9.5468
101.05,9.5482
101.10,9.5441
101.15,9.5428
101.21,9.5488
101.26,9.5408
101.31,9.5401
101.38,9.5461
101.43,9.5367
101.48,9.5361
101.55,9.5408
101.60,9.5327
101.65,9.5340
101.72,9.5354
101.77,9.5294
101.82,9.5294
101.89,9.5327
101.94,9.5273
101.99,9.5273
102.07,9.5294
102.12,9.5233
102.17,9.5226
102.24,9.5273
102.29,9.5213
102.34,9.5186
102.41,9.5220
102.46,9.5166
102.51,9.5152
102.57,9.5226
102.62,9.5139
102.67,9.5132
102.75,9.5146
102.80,9.5106
102.85,9.5099
102.92,9.5132
102.97,8.8045
103.02,9.5065
103.10,9.5119
103.15,9.5045
103.20,9.5032
103.26,9.5106
103.31,9.5025
103.36,9.5011
103.43,9.5072
103.49,9.5011
103.54,9.4998
103.60,9.5018
103.65,9.4978
103.70,9.4971
103.77,9.5038
103.82,9.4951
103.87,9.4944
103.93,9.5025
103.98,9.4931
104.03,9.4924
104.10,9.4964
104.15,9.4897
104.20,9.4891
104.26,9.4931
104.32,9.4864
104.37,9.4870
104.43,9.4931
104.48,9.4850
104.53,9.4837
104.60,9.4877
104.65,9.4823
104.70,9.4823
104.76,9.4837
104.81,9.4797
104.86,9.4790
104.92,9.4844
104.97,9.4783
105.02,9.4770
105.09,9.4844
105.14,9.4750
105.19,9.4743
105.25,9.4783
105.31,9.4730
105.36,9.4723
105.42,9.4743
105.47,9.4703
105.52,9.4682
105.58,9.4723
105.63,9.4669
105.68,9.4656
105.75,9.4730
105.80,9.4642
105.85,9.4635
105.91,9.4696
105.96,9.4622
106.01,9.4609
106.08,9.4649
106.14,9.4595
106.19,9.4582
106.25,9.4649
106.30,9.4568
106.36,9.4562
106.42,9.4629
106.47,9.4542
106.52,9.4555
106.58,9.4555
106.63,9.4528
106.68,9.4515
106.75,9.4555
106.80,9.4494
106.85,9.4488
106.91,9.4555
106.96,9.4474
107.01,9.4461
107.09,9.4488
107.14,9.4447
107.19,9.4441
107.26,9.4501
107.31,9.4427
107.36,8.7387
107.43,9.4392
107.48,9.4414
107.53,9.4400
107.59,9.4454
107.64,9.4380
107.69,9.4374
107.76,9.4468
107.81,9.4367
107.86,9.4360
107.92,9.4380
107.98,9.4354
108.03,9.4333
108.10,9.4400
108.15,9.4327
108.20,9.4320
108.26,9.4374
108.31,9.4313
108.36,9.4300
108.43,9.4313
108.48,9.4293
108.53,9.4280
108.59,9.4313
108.64,9.4273
108.69,9.4266
108.76,9.4327
108.81,9.4246
108.86,9.4246
108.92,9.4313
108.97,9.4226
109.02,9.4219
109.08,9.4259
109.13,9.4212
109.18,9.4212
109.25,9.4212
109.30,9.4192
109.35,9.4186
109.42,9.4233
109.47,9.4172
109.52,9.4166
109.60,9.4212
109.65,9.4145
109.70,9.4145
109.78,9.4179
109.83,9.4125
109.88,9.4118
109.96,9.4166
110.01,9.4112
110.06,9.4125
110.15,9.4145
110.20,9.4092
110.25,9.4085
110.31,9.4118
110.36,9.4071
110.42,9.4058
110.50,9.4125
110.55,9.4045
110.60,9.4051
110.67,9.4092
110.72,9.4024
110.77,8.6977
110.84,9.4085
110.90,9.3998
110.95,9.3998
111.02,9.4031
111.07,9.3978
111.12,9.3971
111.19,9.4031
111.24,9.3957
111.29,9.3957
111.36,9.4011
111.41,9.3944
111.46,9.3937
111.53,9.3998
111.58,9.3924
111.63,9.3924
111.69,9.3924
111.74,9.3904
111.79,9.3904
111.86,9.3951
111.91,9.3883
111.96,9.3883
112.02,9.3964
112.07,9.3890
112.12,9.3863
112.19,9.3890
112.24,9.3857
112.30,9.3857
112.36,9.3890
112.41,9.3836
112.46,9.3830
112.52,9.3897
112.57,9.3816
112.62,9.3810
112.68,9.3897
112.73,9.3803
112.78,9.3796
112.85,9.3836
112.90,9.3783
112.95,9.3790
113.02,9.3790
113.07,9.3769
113.12,9.3763
113.18,9.3810
113.23,9.3749
113.28,9.3749
113.34,9.3830
113.39,9.3736
113.44,9.3736
113.51,9.3790
113.56,9.3722
113.61,9.3722
113.67,9.3776
113.72,9.3709
113.77,9.3702
113.83,9.3763
113.89,9.3695
113.94,9.3709
114.00,8.6689
114.05,9.3675
114.10,9.3669
114.18,9.3702
114.23,9.3662
114.28,9.3662
114.35,9.3729
114.40,9.3648
114.45,9.3648
114.52,9.3662
114.58,9.3635
114.63,9.3628
114.70,9.3669
114.75,9.3628
114.80,9.3628
114.86,9.3628
114.91,9.3608
114.96,9.3602
115.02,9.3602
115.08,9.3595
115.13,9.3588
115.20,9.3655
115.25,9.3588
115.30,8.6548
115.37,9.3622
115.42,9.3568
115.47,9.3568
115.54,9.3595
115.59,9.3555
115.64,9.3588
115.71,9.3588
115.76,9.3548
115.81,9.3541
115.88,9.3561
115.93,9.3528
115.98,9.3534
116.06,9.3534
116.11,9.3521
116.16,9.3521
116.23,9.3555
116.28,9.3507
116.33,9.3501
116.41,9.3581
116.46,9.3487
116.51,9.3481
116.57,9.3507
116.62,9.3474
116.67,9.3507
116.73,9.3507
116.79,9.3467
116.84,9.3474
116.90,9.3521
116.95,9.3447
117.00,9.3447
117.06,9.3487
117.11,9.3440
117.16,9.3434
117.23,9.3514
117.28,9.3427
117.33,9.3427
117.39,9.3481
117.44,9.3414
117.49,9.3414
117.56,9.3434
117.61,9.3400
117.66,9.3400
117.71,9.3434
117.77,9.3387
117.82,9.3387
117.88,9.3440
117.94,9.3373
117.99,9.3373
118.04,9.3447
118.10,9.3387
118.15,9.3367
118.22,9.3407
118.27,9.3346
118.32,9.3353
118.38,9.3414
118.43,9.3340
118.48,9.3333
118.55,9.3373
118.60,9.3326
118.65,9.3319
118.71,9.3360
118.76,8.6273
118.81,9.3306
118.87,9.3313
118.93,9.3299
118.98,9.3299
119.03,9.3360
119.08,9.3293
119.13,9.3286
119.20,9.3360
119.25,9.3272
119.30,9.3266
119.37,9.3313
119.42,9.3266
119.47,9.3252
119.52,9.3299
119.57,9.3299
119.62,9.3246
119.67,9.3239
119.73,9.3299
119.79,9.3239
119.84,9.3232
119.90,9.3266
119.96,9.3219
120.01,9.3219
120.08,9.3286
120.13,9.3205
120.18,9.3205
120.25,9.3266
120.31,9.3212
120.36,9.3185
120.41,9.3232
120.46,9.3192
120.52,9.3179
120.57,9.3239
120.62,9.3144
120.68,9.3172
120.78,9.3226
120.83,9.3158
120.88,9.3158
120.94,9.3205
120.99,9.3138
121.04,9.3145
121.11,9.3158
121.16,9.3131
121.21,9.3131
