timestamp_iso,encoder_counts,lvdt_v,lvdt_mm,weights_state,weights_target,weights_cmd,sequence_status
2025-10-23T15:37:34.886600,-335,0.5231250000000001,-0.1184216174573054,idle,,0,Sequence complete (3 cycles)
2025-10-23T15:37:34.936753,-335,0.522645,-0.1193870930646006,queued,-56,0,Cycle 1/3: moving to top
2025-10-23T15:37:34.986735,-335,0.52359,-0.11748631296273837,queued,-56,0,Cycle 1/3: moving to top
2025-10-23T15:37:35.036717,-327,0.521715,-0.1212577020537351,moving_up,-56,-299,Cycle 1/3: moving to top
2025-10-23T15:37:35.086820,-300,0.5432700000000001,-0.07790181306363353,moving_up,-56,-299,Cycle 1/3: moving to top
2025-10-23T15:37:35.136713,-280,0.645465,0.127653977952066,moving_up,-56,-299,Cycle 1/3: moving to top
2025-10-23T15:37:35.186725,-254,0.6468750000000001,0.1304900625484957,moving_up,-56,-299,Cycle 1/3: moving to top
2025-10-23T15:37:35.236749,-234,0.679215,0.19553898159001148,moving_up,-56,-299,Cycle 1/3: moving to top
2025-10-23T15:37:35.286726,-214,0.64359,0.12388258886106884,moving_up,-56,-299,Cycle 1/3: moving to top
2025-10-23T15:37:35.336761,-188,0.6885899999999999,0.21439592704499644,moving_up,-56,-299,Cycle 1/3: moving to top
2025-10-23T15:37:35.386736,-161,0.6651450000000001,0.1672384778511704,moving_up,-56,-299,Cycle 1/3: moving to top
2025-10-23T15:37:35.436727,-133,0.6637500000000001,0.16443256436746845,moving_up,-56,-299,Cycle 1/3: moving to top
2025-10-23T15:37:35.486713,-106,0.6646799999999999,0.16630317335660294,moving_up,-56,-299,Cycle 1/3: moving to top
2025-10-23T15:37:35.536721,-78,0.662805,0.16253178426560577,moving_up,-56,-299,Cycle 1/3: moving to top
2025-10-23T15:37:35.586807,-65,0.6670200000000001,0.17100986694216758,at target,,0,Cycle 1/3: moving to top
2025-10-23T15:37:35.636740,-84,0.8695200000000001,0.5783198887698418,at target,,0,Cycle 1/3: moving to top
2025-10-23T15:37:35.686738,-91,0.8343750000000001,0.5076289716481943,idle,,0,Cycle 1/3: moving to top
2025-10-23T15:37:35.736806,-91,0.733125,0.303973960734357,idle,,0,Cycle 1/3: moving to top
2025-10-23T15:37:35.786752,-91,0.740145,0.3180940414910496,idle,,0,Cycle 1/3: moving to top
2025-10-23T15:37:35.836739,-91,0.752805,0.3435584606334614,idle,,0,Cycle 1/3: moving to top
2025-10-23T15:37:35.886727,-91,0.7340549999999999,0.3058445697234915,idle,,0,Cycle 1/3: moving to top
2025-10-23T15:37:35.936742,-91,0.74577,0.32940820876404064,idle,,0,Cycle 1/3: moving to top
2025-10-23T15:37:35.986745,-91,0.754215,0.3463945452298911,idle,,0,Cycle 1/3: moving to top
2025-10-23T15:37:36.037097,-91,0.7476450000000001,0.3331795978550378,idle,,0,Cycle 1/3: moving to top
2025-10-23T15:37:36.086726,-91,0.751875,0.3416878516443269,idle,,0,Cycle 1/3: moving to top
2025-10-23T15:37:36.136725,-91,0.7509299999999999,0.33978707154246424,idle,,0,Cycle 1/3: moving to top
2025-10-23T15:37:36.186737,-91,0.751875,0.3416878516443269,idle,,0,Cycle 1/3: moving to top
2025-10-23T15:37:36.236753,-91,0.750465,0.3388517670478972,idle,,0,Cycle 1/3: moving to top
2025-10-23T15:37:36.286732,-91,0.75234,0.34262315613889394,idle,,0,Cycle 1/3: moving to top
2025-10-23T15:37:36.336734,-91,0.751395,0.3407223760370317,idle,,0,Cycle 1/3: moving to top
2025-10-23T15:37:36.386729,-91,0.751875,0.3416878516443269,idle,,0,Cycle 1/3: moving to top
2025-10-23T15:37:36.436741,-91,0.7532700000000001,0.3444937651280289,idle,,0,Cycle 1/3: moving to top
2025-10-23T15:37:36.486733,-91,0.751875,0.3416878516443269,idle,,0,Cycle 1/3: moving to top
2025-10-23T15:37:36.536738,-91,0.75234,0.34262315613889394,idle,,0,Cycle 1/3: moving to top
2025-10-23T15:37:36.586730,-91,0.75234,0.34262315613889394,idle,,0,Cycle 1/3: moving to top
2025-10-23T15:37:36.636739,-91,0.751875,0.3416878516443269,queued,-299,0,Cycle 1/3: moving to bottom
2025-10-23T15:37:36.686743,-92,0.751875,0.3416878516443269,moving_down,-299,155,Cycle 1/3: moving to bottom
2025-10-23T15:37:36.736709,-125,0.7242149999999999,0.2860523197739391,moving_down,-299,134,Cycle 1/3: moving to bottom
2025-10-23T15:37:36.786705,-194,0.808125,0.4548295243742362,moving_down,-299,91,Cycle 1/3: moving to bottom
2025-10-23T15:37:36.836709,-255,0.72468,0.28698762426850655,moving_down,-299,80,Cycle 1/3: moving to bottom
2025-10-23T15:37:36.886823,-315,0.72093,0.27944484608651265,moving_up,-299,-299,Cycle 1/3: moving to bottom
2025-10-23T15:37:36.936732,-346,0.48467999999999994,-0.19575017937910788,moving_up,-299,-299,Cycle 1/3: moving to bottom
2025-10-23T15:37:36.986732,-318,0.54984,-0.06468686568878024,moving_up,-299,-299,Cycle 1/3: moving to bottom
2025-10-23T15:37:37.036836,-309,0.8043750000000001,0.44728674619224273,at target,,0,Cycle 1/3: moving to bottom
2025-10-23T15:37:37.086736,-323,0.74484,0.32753759977490615,at target,,0,Cycle 1/3: moving to bottom
2025-10-23T15:37:37.136744,-328,0.74859,0.33508037795690004,idle,,0,Cycle 1/3: moving to bottom
2025-10-23T15:37:37.186733,-328,0.6970200000000001,0.23135209239811916,idle,,0,Cycle 1/3: moving to bottom
2025-10-23T15:37:37.236752,-328,0.72,0.27757423709737816,idle,,0,Cycle 1/3: moving to bottom
2025-10-23T15:37:37.286748,-328,0.718125,0.273802848006381,idle,,0,Cycle 1/3: moving to bottom
2025-10-23T15:37:37.336740,-328,0.7040549999999999,0.24550234426753947,idle,,0,Cycle 1/3: moving to bottom
2025-10-23T15:37:37.386737,-328,0.7124999999999999,0.26248868073338993,idle,,0,Cycle 1/3: moving to bottom
2025-10-23T15:37:37.436753,-328,0.705,0.24740312436940215,idle,,0,Cycle 1/3: moving to bottom
2025-10-23T15:37:37.486741,-328,0.7106250000000001,0.2587172916423932,idle,,0,Cycle 1/3: moving to bottom
2025-10-23T15:37:37.536774,-328,0.7115549999999999,0.2605879006315277,idle,,0,Cycle 1/3: moving to bottom
2025-10-23T15:37:37.586721,-328,0.7106250000000001,0.2587172916423932,idle,,0,Cycle 1/3: moving to bottom
2025-10-23T15:37:37.636724,-328,0.709215,0.2558812070459635,idle,,0,Cycle 1/3: moving to bottom
2025-10-23T15:37:37.686736,-328,0.70875,0.25494590255139604,idle,,0,Cycle 1/3: moving to bottom
2025-10-23T15:37:37.736738,-328,0.709215,0.2558812070459635,idle,,0,Cycle 1/3: moving to bottom
2025-10-23T15:37:37.786763,-328,0.710145,0.257751816035098,idle,,0,Cycle 1/3: moving to bottom
2025-10-23T15:37:37.836732,-328,0.709215,0.2558812070459635,idle,,0,Cycle 1/3: moving to bottom
2025-10-23T15:37:37.886749,-328,0.7106250000000001,0.2587172916423932,idle,,0,Cycle 1/3: moving to bottom
2025-10-23T15:37:37.936720,-328,0.71343,0.26435928972252487,idle,,0,Cycle 1/3: moving to bottom
2025-10-23T15:37:37.986729,-328,0.7106250000000001,0.2587172916423932,idle,,0,Cycle 1/3: moving to bottom
2025-10-23T15:37:38.036737,-328,0.710145,0.257751816035098,idle,,0,Cycle 1/3: moving to bottom
2025-10-23T15:37:38.086755,-328,0.7106250000000001,0.2587172916423932,queued,-56,0,Cycle 2/3: moving to top
2025-10-23T15:37:38.136726,-328,0.7106250000000001,0.2587172916423932,moving_up,-56,-299,Cycle 2/3: moving to top
2025-10-23T15:37:38.186740,-311,0.706395,0.2502090378531041,moving_up,-56,-299,Cycle 2/3: moving to top
2025-10-23T15:37:38.236721,-292,0.6965549999999999,0.2304167879035517,moving_up,-56,-299,Cycle 2/3: moving to top
2025-10-23T15:37:38.286720,-268,0.742965,0.323766210683909,moving_up,-56,-299,Cycle 2/3: moving to top
2025-10-23T15:37:38.336814,-245,0.701715,0.24079565068197528,moving_up,-56,-299,Cycle 2/3: moving to top
2025-10-23T15:37:38.386724,-222,0.7124999999999999,0.26248868073338993,moving_up,-56,-299,Cycle 2/3: moving to top
2025-10-23T15:37:38.436852,-195,0.70218,0.24173095517654275,moving_up,-56,-299,Cycle 2/3: moving to top
2025-10-23T15:37:38.486724,-174,0.706395,0.2502090378531041,moving_up,-56,-299,Cycle 2/3: moving to top
2025-10-23T15:37:38.536750,-148,0.70125,0.23986034618740826,moving_up,-56,-299,Cycle 2/3: moving to top
2025-10-23T15:37:38.586718,-119,0.699375,0.2360889570964111,moving_up,-56,-299,Cycle 2/3: moving to top
2025-10-23T15:37:38.636707,-95,0.70125,0.23986034618740826,moving_up,-56,-299,Cycle 2/3: moving to top
2025-10-23T15:37:38.686718,-67,0.71343,0.26435928972252487,moving_up,-56,-299,Cycle 2/3: moving to top
2025-10-23T15:37:38.736712,-81,0.8624999999999999,0.5641998080131487,at target,,0,Cycle 2/3: moving to top
2025-10-23T15:37:38.786720,-96,0.7875000000000001,0.41334424437326955,at target,,0,Cycle 2/3: moving to top
2025-10-23T15:37:38.836753,-101,0.726555,0.29075901335950327,idle,,0,Cycle 2/3: moving to top
2025-10-23T15:37:38.886745,-106,0.7275,0.29265979346136595,idle,,0,Cycle 2/3: moving to top
2025-10-23T15:37:38.936729,-106,0.740145,0.3180940414910496,idle,,0,Cycle 2/3: moving to top
2025-10-23T15:37:38.986738,-106,0.765,0.36808757528130576,idle,,0,Cycle 2/3: moving to top
2025-10-23T15:37:39.036751,-106,0.727965,0.2935950979559334,idle,,0,Cycle 2/3: moving to top
2025-10-23T15:37:39.086737,-106,0.7368750000000001,0.3115167389163509,idle,,0,Cycle 2/3: moving to top
2025-10-23T15:37:39.136745,-106,0.75234,0.34262315613889394,idle,,0,Cycle 2/3: moving to top
2025-10-23T15:37:39.186727,-106,0.741555,0.3209301260874793,idle,,0,Cycle 2/3: moving to top
2025-10-23T15:37:39.236734,-106,0.742965,0.323766210683909,idle,,0,Cycle 2/3: moving to top
2025-10-23T15:37:39.286731,-106,0.745305,0.3284729042694732,idle,,0,Cycle 2/3: moving to top
2025-10-23T15:37:39.336736,-106,0.74484,0.32753759977490615,idle,,0,Cycle 2/3: moving to top
2025-10-23T15:37:39.386740,-106,0.7434299999999999,0.32470151517847645,idle,,0,Cycle 2/3: moving to top
2025-10-23T15:37:39.436729,-106,0.745305,0.3284729042694732,idle,,0,Cycle 2/3: moving to top
2025-10-23T15:37:39.486834,-106,0.74577,0.32940820876404064,idle,,0,Cycle 2/3: moving to top
2025-10-23T15:37:39.536802,-106,0.745305,0.3284729042694732,idle,,0,Cycle 2/3: moving to top
2025-10-23T15:37:39.586730,-106,0.745305,0.3284729042694732,idle,,0,Cycle 2/3: moving to top
2025-10-23T15:37:39.636737,-106,0.74577,0.32940820876404064,idle,,0,Cycle 2/3: moving to top
2025-10-23T15:37:39.686753,-106,0.74625,0.33037368437133585,idle,,0,Cycle 2/3: moving to top
2025-10-23T15:37:39.736725,-106,0.74577,0.32940820876404064,queued,-299,0,Cycle 2/3: moving to bottom
2025-10-23T15:37:39.786733,-106,0.74577,0.32940820876404064,queued,-299,0,Cycle 2/3: moving to bottom
2025-10-23T15:37:39.836743,-117,0.74202,0.32186543058204675,moving_down,-299,143,Cycle 2/3: moving to bottom
2025-10-23T15:37:39.886694,-179,0.74484,0.32753759977490615,moving_down,-299,97,Cycle 2/3: moving to bottom
2025-10-23T15:37:39.936702,-237,0.75,0.33791646255332974,moving_down,-299,80,Cycle 2/3: moving to bottom
2025-10-23T15:37:39.986712,-299,0.7148399999999999,0.2671953743189541,at target,,0,Cycle 2/3: moving to bottom
2025-10-23T15:37:40.036722,-328,0.7603049999999999,0.3586440169974492,at target,,0,Cycle 2/3: moving to bottom
2025-10-23T15:37:40.086735,-338,0.7162499999999999,0.2700314589153838,idle,,0,Cycle 2/3: moving to bottom
2025-10-23T15:37:40.136718,-343,0.6182700000000001,0.07295375057624565,idle,,0,Cycle 2/3: moving to bottom
2025-10-23T15:37:40.186723,-343,0.598125,0.032433946182574225,idle,,0,Cycle 2/3: moving to bottom
2025-10-23T15:37:40.236741,-343,0.60093,0.03807594426270544,idle,,0,Cycle 2/3: moving to bottom
2025-10-23T15:37:40.286734,-343,0.5976450000000001,0.03146847057527902,idle,,0,Cycle 2/3: moving to bottom
2025-10-23T15:37:40.336734,-343,0.600465,0.03714063976813842,idle,,0,Cycle 2/3: moving to bottom
2025-10-23T15:37:40.386726,-343,0.5971799999999999,0.03053316608071155,idle,,0,Cycle 2/3: moving to bottom
2025-10-23T15:37:40.436734,-343,0.5976450000000001,0.03146847057527902,idle,,0,Cycle 2/3: moving to bottom
2025-10-23T15:37:40.486725,-343,0.5971799999999999,0.03053316608071155,idle,,0,Cycle 2/3: moving to bottom
2025-10-23T15:37:40.536728,-343,0.59577,0.02769708148428185,idle,,0,Cycle 2/3: moving to bottom
2025-10-23T15:37:40.586722,-343,0.5962500000000001,0.028662557091577057,idle,,0,Cycle 2/3: moving to bottom
2025-10-23T15:37:40.636731,-343,0.594375,0.02489116800057989,idle,,0,Cycle 2/3: moving to bottom
2025-10-23T15:37:40.686748,-343,0.595305,0.02676177698971438,idle,,0,Cycle 2/3: moving to bottom
2025-10-23T15:37:40.736744,-343,0.595305,0.02676177698971438,idle,,0,Cycle 2/3: moving to bottom
2025-10-23T15:37:40.786717,-343,0.5948399999999999,0.025826472495146913,idle,,0,Cycle 2/3: moving to bottom
2025-10-23T15:37:40.836750,-343,0.5948399999999999,0.025826472495146913,idle,,0,Cycle 2/3: moving to bottom
2025-10-23T15:37:40.886752,-343,0.5948399999999999,0.025826472495146913,idle,,0,Cycle 2/3: moving to bottom
2025-10-23T15:37:40.936721,-343,0.595305,0.02676177698971438,idle,,0,Cycle 2/3: moving to bottom
2025-10-23T15:37:40.986723,-343,0.594375,0.02489116800057989,idle,,0,Cycle 2/3: moving to bottom
2025-10-23T15:37:41.036755,-343,0.595305,0.02676177698971438,queued,-56,0,Cycle 3/3: moving to top
2025-10-23T15:37:41.086743,-343,0.594375,0.02489116800057989,queued,-56,0,Cycle 3/3: moving to top
2025-10-23T15:37:41.136737,-341,0.5925,0.021119778909583165,moving_up,-56,-299,Cycle 3/3: moving to top
2025-10-23T15:37:41.186722,-320,0.6201450000000001,0.07672513966724281,moving_up,-56,-299,Cycle 3/3: moving to top
2025-10-23T15:37:41.236730,-301,0.676875,0.1908322880044473,moving_up,-56,-299,Cycle 3/3: moving to top
2025-10-23T15:37:41.286763,-278,0.685305,0.20778845335757,moving_up,-56,-299,Cycle 3/3: moving to top
2025-10-23T15:37:41.336713,-256,0.685305,0.20778845335757,moving_up,-56,-299,Cycle 3/3: moving to top
2025-10-23T15:37:41.386725,-230,0.66843,0.17384595153859683,moving_up,-56,-299,Cycle 3/3: moving to top
2025-10-23T15:37:41.436752,-204,0.702645,0.24266625967110977,moving_up,-56,-299,Cycle 3/3: moving to top
2025-10-23T15:37:41.486705,-174,0.655305,0.147446227901618,moving_up,-56,-299,Cycle 3/3: moving to top
2025-10-23T15:37:41.536704,-148,0.682965,0.20308175977200582,moving_up,-56,-299,Cycle 3/3: moving to top
2025-10-23T15:37:41.586718,-124,0.671715,0.1804534252260237,moving_up,-56,-299,Cycle 3/3: moving to top
2025-10-23T15:37:41.636753,-93,0.662805,0.16253178426560577,moving_up,-56,-299,Cycle 3/3: moving to top
2025-10-23T15:37:41.686721,-69,0.681555,0.20024567517557612,moving_up,-56,-299,Cycle 3/3: moving to top
2025-10-23T15:37:41.736755,-69,0.7903049999999999,0.41898624245340077,moving_up,-56,-299,Cycle 3/3: moving to top
2025-10-23T15:37:41.786718,-69,0.7627349999999999,0.36353173725938115,moving_up,-56,-299,Cycle 3/3: moving to top
2025-10-23T15:37:41.836762,-69,0.73734,0.31245204341091837,moving_up,-56,-299,Cycle 3/3: moving to top
2025-10-23T15:37:41.886717,-69,0.73968,0.31715873699648256,moving_up,-56,-299,Cycle 3/3: moving to top
2025-10-23T15:37:41.936749,-69,0.718125,0.273802848006381,moving_up,-56,-299,Cycle 3/3: moving to top
2025-10-23T15:37:41.986716,-69,0.73359,0.30490926522892403,moving_up,-56,-299,Cycle 3/3: moving to top
2025-10-23T15:37:42.036758,-69,0.7270200000000001,0.2916943178540712,moving_up,-56,-299,Cycle 3/3: moving to top
2025-10-23T15:37:42.086709,-69,0.7242149999999999,0.2860523197739391,moving_up,-56,-299,Cycle 3/3: moving to top
2025-10-23T15:37:42.136855,-69,0.73125,0.30020257164335984,moving_up,-56,-299,Cycle 3/3: moving to top
2025-10-23T15:37:42.186735,-69,0.7275,0.29265979346136595,moving_up,-56,-299,Cycle 3/3: moving to top
2025-10-23T15:37:42.236729,-69,0.7288950000000001,0.2954657069450679,moving_up,-56,-299,Cycle 3/3: moving to top
2025-10-23T15:37:42.286727,-69,0.729375,0.2964311825523631,moving_up,-56,-299,Cycle 3/3: moving to top
2025-10-23T15:37:42.336735,-69,0.729375,0.2964311825523631,moving_up,-56,-299,Cycle 3/3: moving to top
2025-10-23T15:37:42.386738,-69,0.7288950000000001,0.2954657069450679,moving_up,-56,-299,Cycle 3/3: moving to top
2025-10-23T15:37:42.436724,-69,0.72984,0.29736648704693014,moving_up,-56,-299,Cycle 3/3: moving to top
2025-10-23T15:37:42.486723,-69,0.72984,0.29736648704693014,moving_up,-56,-299,Cycle 3/3: moving to top
2025-10-23T15:37:42.536721,-69,0.72984,0.29736648704693014,moving_up,-56,-299,Cycle 3/3: moving to top
2025-10-23T15:37:42.586721,-69,0.729375,0.2964311825523631,moving_up,-56,-299,Cycle 3/3: moving to top
2025-10-23T15:37:42.636735,-69,0.729375,0.2964311825523631,moving_up,-56,-299,Cycle 3/3: moving to top
2025-10-23T15:37:42.686726,-69,0.72984,0.29736648704693014,moving_up,-56,-299,Cycle 3/3: moving to top
2025-10-23T15:37:42.736722,-69,0.72984,0.29736648704693014,moving_up,-56,-299,Cycle 3/3: moving to top
2025-10-23T15:37:42.786736,-69,0.72984,0.29736648704693014,moving_up,-56,-299,Cycle 3/3: moving to top
2025-10-23T15:37:42.836731,-69,0.7288950000000001,0.2954657069450679,moving_up,-56,-299,Cycle 3/3: moving to top
2025-10-23T15:37:42.886731,-69,0.729375,0.2964311825523631,moving_up,-56,-299,Cycle 3/3: moving to top
2025-10-23T15:37:42.936762,-69,0.72984,0.29736648704693014,moving_up,-56,-299,Cycle 3/3: moving to top
2025-10-23T15:37:42.986725,-69,0.72984,0.29736648704693014,moving_up,-56,-299,Cycle 3/3: moving to top
2025-10-23T15:37:43.036724,-69,0.72984,0.29736648704693014,moving_up,-56,-299,Cycle 3/3: moving to top
2025-10-23T15:37:43.086736,-69,0.72984,0.29736648704693014,moving_up,-56,-299,Cycle 3/3: moving to top
2025-10-23T15:37:43.136718,-69,0.72984,0.29736648704693014,moving_up,-56,-299,Cycle 3/3: moving to top
2025-10-23T15:37:43.186733,-69,0.72984,0.29736648704693014,moving_up,-56,-299,Cycle 3/3: moving to top
2025-10-23T15:37:43.236721,-69,0.729375,0.2964311825523631,moving_up,-56,-299,Cycle 3/3: moving to top
2025-10-23T15:37:43.286720,-69,0.72984,0.29736648704693014,moving_up,-56,-299,Cycle 3/3: moving to top
2025-10-23T15:37:43.336724,-69,0.72984,0.29736648704693014,moving_up,-56,-299,Cycle 3/3: moving to top
2025-10-23T15:37:43.386711,-69,0.72984,0.29736648704693014,moving_up,-56,-299,Cycle 3/3: moving to top
2025-10-23T15:37:43.436716,-69,0.72984,0.29736648704693014,moving_up,-56,-299,Cycle 3/3: moving to top
2025-10-23T15:37:43.486721,-69,0.72984,0.29736648704693014,moving_up,-56,-299,Cycle 3/3: moving to top
2025-10-23T15:37:43.536762,-69,0.730305,0.2983017915414976,moving_up,-56,-299,Cycle 3/3: moving to top
2025-10-23T15:37:43.586732,-69,0.72984,0.29736648704693014,moving_up,-56,-299,Cycle 3/3: moving to top
2025-10-23T15:37:43.636744,-69,0.729375,0.2964311825523631,moving_up,-56,-299,Cycle 3/3: moving to top
2025-10-23T15:37:43.686725,-69,0.72984,0.29736648704693014,moving_up,-56,-299,Cycle 3/3: moving to top
2025-10-23T15:37:43.736748,-69,0.730305,0.2983017915414976,moving_up,-56,-299,Cycle 3/3: moving to top
2025-10-23T15:37:43.786717,-69,0.72984,0.29736648704693014,moving_up,-56,-299,Cycle 3/3: moving to top
2025-10-23T15:37:43.836721,-69,0.72984,0.29736648704693014,moving_up,-56,-299,Cycle 3/3: moving to top
2025-10-23T15:37:43.886715,-69,0.72984,0.29736648704693014,moving_up,-56,-299,Cycle 3/3: moving to top
2025-10-23T15:37:43.936750,-69,0.72984,0.29736648704693014,moving_up,-56,-299,Cycle 3/3: moving to top
2025-10-23T15:37:43.986723,-69,0.72984,0.29736648704693014,moving_up,-56,-299,Cycle 3/3: moving to top
2025-10-23T15:37:44.036717,-69,0.72984,0.29736648704693014,moving_up,-56,-299,Cycle 3/3: moving to top
2025-10-23T15:37:44.086732,-69,0.72984,0.29736648704693014,moving_up,-56,-299,Cycle 3/3: moving to top
2025-10-23T15:37:44.136686,-69,0.729375,0.2964311825523631,moving_up,-56,-299,Cycle 3/3: moving to top
2025-10-23T15:37:44.186736,-69,0.72984,0.29736648704693014,moving_up,-56,-299,Cycle 3/3: moving to top
2025-10-23T15:37:44.236804,-69,0.729375,0.2964311825523631,moving_up,-56,-299,Cycle 3/3: moving to top
2025-10-23T15:37:44.286721,-69,0.72984,0.29736648704693014,moving_up,-56,-299,Cycle 3/3: moving to top
2025-10-23T15:37:44.336720,-69,0.72984,0.29736648704693014,moving_up,-56,-299,Cycle 3/3: moving to top
2025-10-23T15:37:44.386726,-69,0.72984,0.29736648704693014,moving_up,-56,-299,Cycle 3/3: moving to top
2025-10-23T15:37:44.436715,-69,0.72984,0.29736648704693014,moving_up,-56,-299,Cycle 3/3: moving to top
2025-10-23T15:37:44.486720,-69,0.72984,0.29736648704693014,moving_up,-56,-299,Cycle 3/3: moving to top
2025-10-23T15:37:44.536726,-69,0.72984,0.29736648704693014,moving_up,-56,-299,Cycle 3/3: moving to top
2025-10-23T15:37:44.586720,-69,0.72984,0.29736648704693014,moving_up,-56,-299,Cycle 3/3: moving to top
2025-10-23T15:37:44.636767,-69,0.72984,0.29736648704693014,moving_up,-56,-299,Cycle 3/3: moving to top
2025-10-23T15:37:44.686724,-69,0.730305,0.2983017915414976,moving_up,-56,-299,Cycle 3/3: moving to top
2025-10-23T15:37:44.736740,-69,0.729375,0.2964311825523631,moving_up,-56,-299,Cycle 3/3: moving to top
2025-10-23T15:37:44.786736,-69,0.72984,0.29736648704693014,moving_up,-56,-299,Cycle 3/3: moving to top
2025-10-23T15:37:44.836747,-69,0.72984,0.29736648704693014,moving_up,-56,-299,Cycle 3/3: moving to top
2025-10-23T15:37:44.886821,-69,0.72984,0.29736648704693014,moving_up,-56,-299,Cycle 3/3: moving to top
2025-10-23T15:37:44.936716,-69,0.729375,0.2964311825523631,moving_up,-56,-299,Cycle 3/3: moving to top
2025-10-23T15:37:44.986735,-69,0.729375,0.2964311825523631,moving_up,-56,-299,Cycle 3/3: moving to top
2025-10-23T15:37:45.036725,-69,0.730305,0.2983017915414976,moving_up,-56,-299,Cycle 3/3: moving to top
2025-10-23T15:37:45.086745,-69,0.72984,0.29736648704693014,moving_up,-56,-299,Cycle 3/3: moving to top
2025-10-23T15:37:45.136719,-69,0.72984,0.29736648704693014,moving_up,-56,-299,Cycle 3/3: moving to top
2025-10-23T15:37:45.186710,-69,0.730305,0.2983017915414976,moving_up,-56,-299,Cycle 3/3: moving to top
2025-10-23T15:37:45.236721,-69,0.72984,0.29736648704693014,moving_up,-56,-299,Cycle 3/3: moving to top
2025-10-23T15:37:45.286720,-69,0.72984,0.29736648704693014,moving_up,-56,-299,Cycle 3/3: moving to top
2025-10-23T15:37:45.336754,-69,0.72984,0.29736648704693014,moving_up,-56,-299,Cycle 3/3: moving to top
2025-10-23T15:37:45.386712,-69,0.72984,0.29736648704693014,moving_up,-56,-299,Cycle 3/3: moving to top
2025-10-23T15:37:45.436714,-69,0.730305,0.2983017915414976,moving_up,-56,-299,Cycle 3/3: moving to top
2025-10-23T15:37:45.486717,-69,0.72984,0.29736648704693014,moving_up,-56,-299,Cycle 3/3: moving to top
2025-10-23T15:37:45.536765,-69,0.72984,0.29736648704693014,moving_up,-56,-299,Cycle 3/3: moving to top
2025-10-23T15:37:45.586711,-69,0.729375,0.2964311825523631,moving_up,-56,-299,Cycle 3/3: moving to top
2025-10-23T15:37:45.636725,-69,0.7288950000000001,0.2954657069450679,moving_up,-56,-299,Cycle 3/3: moving to top
2025-10-23T15:37:45.686715,-69,0.72984,0.29736648704693014,moving_up,-56,-299,Cycle 3/3: moving to top
2025-10-23T15:37:45.736750,-69,0.72984,0.29736648704693014,moving_up,-56,-299,Cycle 3/3: moving to top
2025-10-23T15:37:45.786719,-69,0.72984,0.29736648704693014,moving_up,-56,-299,Cycle 3/3: moving to top
2025-10-23T15:37:45.836826,-69,0.729375,0.2964311825523631,moving_up,-56,-299,Cycle 3/3: moving to top
2025-10-23T15:37:45.886713,-69,0.730305,0.2983017915414976,moving_up,-56,-299,Cycle 3/3: moving to top
2025-10-23T15:37:45.936743,-69,0.730305,0.2983017915414976,moving_up,-56,-299,Cycle 3/3: moving to top
2025-10-23T15:37:45.986713,-69,0.730305,0.2983017915414976,moving_up,-56,-299,Cycle 3/3: moving to top
2025-10-23T15:37:46.036749,-69,0.72984,0.29736648704693014,moving_up,-56,-299,Cycle 3/3: moving to top
2025-10-23T15:37:46.086720,-69,0.72984,0.29736648704693014,moving_up,-56,-299,Cycle 3/3: moving to top
2025-10-23T15:37:46.136709,-69,0.72984,0.29736648704693014,moving_up,-56,-299,Cycle 3/3: moving to top
2025-10-23T15:37:46.186723,-69,0.72984,0.29736648704693014,moving_up,-56,-299,Cycle 3/3: moving to top
2025-10-23T15:37:46.236727,-69,0.72984,0.29736648704693014,moving_up,-56,-299,Cycle 3/3: moving to top
2025-10-23T15:37:46.286729,-69,0.730305,0.2983017915414976,moving_up,-56,-299,Cycle 3/3: moving to top
2025-10-23T15:37:46.336704,-69,0.72984,0.29736648704693014,moving_up,-56,-299,Cycle 3/3: moving to top
2025-10-23T15:37:46.386719,-69,0.730305,0.2983017915414976,moving_up,-56,-299,Cycle 3/3: moving to top
2025-10-23T15:37:46.436760,-69,0.730305,0.2983017915414976,moving_up,-56,-299,Cycle 3/3: moving to top
2025-10-23T15:37:46.486723,-69,0.72984,0.29736648704693014,moving_up,-56,-299,Cycle 3/3: moving to top
2025-10-23T15:37:46.536729,-69,0.730305,0.2983017915414976,moving_up,-56,-299,Cycle 3/3: moving to top
2025-10-23T15:37:46.586708,-69,0.730305,0.2983017915414976,moving_up,-56,-299,Cycle 3/3: moving to top
2025-10-23T15:37:46.636720,-69,0.730305,0.2983017915414976,moving_up,-56,-299,Cycle 3/3: moving to top
2025-10-23T15:37:46.686726,-69,0.730305,0.2983017915414976,moving_up,-56,-299,Cycle 3/3: moving to top
2025-10-23T15:37:46.736729,-69,0.72984,0.29736648704693014,moving_up,-56,-299,Cycle 3/3: moving to top
2025-10-23T15:37:46.786725,-69,0.7288950000000001,0.2954657069450679,moving_up,-56,-299,Cycle 3/3: moving to top
2025-10-23T15:37:46.836701,-69,0.730305,0.2983017915414976,moving_up,-56,-299,Cycle 3/3: moving to top
2025-10-23T15:37:46.886724,-69,0.730305,0.2983017915414976,moving_up,-56,-299,Cycle 3/3: moving to top
2025-10-23T15:37:46.936721,-69,0.72984,0.29736648704693014,moving_up,-56,-299,Cycle 3/3: moving to top
2025-10-23T15:37:46.986738,-69,0.7288950000000001,0.2954657069450679,moving_up,-56,-299,Cycle 3/3: moving to top
2025-10-23T15:37:47.036747,-69,0.729375,0.2964311825523631,moving_up,-56,-299,Cycle 3/3: moving to top
2025-10-23T15:37:47.086734,-69,0.7307700000000001,0.2992370960360651,moving_up,-56,-299,Cycle 3/3: moving to top
2025-10-23T15:37:47.136831,-69,0.730305,0.2983017915414976,moving_up,-56,-299,Cycle 3/3: moving to top
2025-10-23T15:37:47.186720,-69,0.729375,0.2964311825523631,moving_up,-56,-299,Cycle 3/3: moving to top
2025-10-23T15:37:47.236894,-69,0.72984,0.29736648704693014,moving_up,-56,-299,Cycle 3/3: moving to top
2025-10-23T15:37:47.286728,-69,0.730305,0.2983017915414976,moving_up,-56,-299,Cycle 3/3: moving to top
2025-10-23T15:37:47.336831,-69,0.730305,0.2983017915414976,moving_up,-56,-299,Cycle 3/3: moving to top
2025-10-23T15:37:47.386716,-69,0.730305,0.2983017915414976,moving_up,-56,-299,Cycle 3/3: moving to top
2025-10-23T15:37:47.436720,-69,0.730305,0.2983017915414976,moving_up,-56,-299,Cycle 3/3: moving to top
2025-10-23T15:37:47.486725,-69,0.730305,0.2983017915414976,moving_up,-56,-299,Cycle 3/3: moving to top
2025-10-23T15:37:47.536737,-69,0.730305,0.2983017915414976,moving_up,-56,-299,Cycle 3/3: moving to top
2025-10-23T15:37:47.586713,-69,0.730305,0.2983017915414976,moving_up,-56,-299,Cycle 3/3: moving to top
2025-10-23T15:37:47.636708,-69,0.72984,0.29736648704693014,moving_up,-56,-299,Cycle 3/3: moving to top
2025-10-23T15:37:47.686716,-69,0.72984,0.29736648704693014,moving_up,-56,-299,Cycle 3/3: moving to top
2025-10-23T15:37:47.736718,-69,0.729375,0.2964311825523631,moving_up,-56,-299,Cycle 3/3: moving to top
2025-10-23T15:37:47.786731,-69,0.730305,0.2983017915414976,moving_up,-56,-299,Cycle 3/3: moving to top
2025-10-23T15:37:47.836742,-69,0.72984,0.29736648704693014,moving_up,-56,-299,Cycle 3/3: moving to top
2025-10-23T15:37:47.886716,-69,0.72984,0.29736648704693014,moving_up,-56,-299,Cycle 3/3: moving to top
2025-10-23T15:37:47.936707,-69,0.72984,0.29736648704693014,moving_up,-56,-299,Cycle 3/3: moving to top
2025-10-23T15:37:47.986715,-69,0.72984,0.29736648704693014,moving_up,-56,-299,Cycle 3/3: moving to top
2025-10-23T15:37:48.036801,-69,0.730305,0.2983017915414976,moving_up,-56,-299,Cycle 3/3: moving to top
2025-10-23T15:37:48.086717,-69,0.730305,0.2983017915414976,moving_up,-56,-299,Cycle 3/3: moving to top
2025-10-23T15:37:48.136710,-69,0.730305,0.2983017915414976,moving_up,-56,-299,Cycle 3/3: moving to top
2025-10-23T15:37:48.186733,-69,0.730305,0.2983017915414976,moving_up,-56,-299,Cycle 3/3: moving to top
2025-10-23T15:37:48.236732,-69,0.72984,0.29736648704693014,moving_up,-56,-299,Cycle 3/3: moving to top
2025-10-23T15:37:48.286716,-69,0.72984,0.29736648704693014,moving_up,-56,-299,Cycle 3/3: moving to top
2025-10-23T15:37:48.336713,-69,0.72984,0.29736648704693014,moving_up,-56,-299,Cycle 3/3: moving to top
2025-10-23T15:37:48.386707,-69,0.72984,0.29736648704693014,moving_up,-56,-299,Cycle 3/3: moving to top
2025-10-23T15:37:48.436695,-69,0.72984,0.29736648704693014,moving_up,-56,-299,Cycle 3/3: moving to top
2025-10-23T15:37:48.486708,-69,0.730305,0.2983017915414976,moving_up,-56,-299,Cycle 3/3: moving to top
2025-10-23T15:37:48.536701,-69,0.730305,0.2983017915414976,moving_up,-56,-299,Cycle 3/3: moving to top
2025-10-23T15:37:48.586704,-69,0.730305,0.2983017915414976,moving_up,-56,-299,Cycle 3/3: moving to top
2025-10-23T15:37:48.636707,-69,0.729375,0.2964311825523631,moving_up,-56,-299,Cycle 3/3: moving to top
2025-10-23T15:37:48.686717,-69,0.730305,0.2983017915414976,moving_up,-56,-299,Cycle 3/3: moving to top
2025-10-23T15:37:48.736755,-69,0.730305,0.2983017915414976,moving_up,-56,-299,Cycle 3/3: moving to top
2025-10-23T15:37:48.786727,-69,0.729375,0.2964311825523631,moving_up,-56,-299,Cycle 3/3: moving to top
2025-10-23T15:37:48.836707,-69,0.72984,0.29736648704693014,moving_up,-56,-299,Cycle 3/3: moving to top
2025-10-23T15:37:48.886717,-69,0.729375,0.2964311825523631,moving_up,-56,-299,Cycle 3/3: moving to top
2025-10-23T15:37:48.936708,-69,0.72984,0.29736648704693014,moving_up,-56,-299,Cycle 3/3: moving to top
2025-10-23T15:37:48.986719,-69,0.730305,0.2983017915414976,moving_up,-56,-299,Cycle 3/3: moving to top
2025-10-23T15:37:49.036746,-69,0.729375,0.2964311825523631,moving_up,-56,-299,Cycle 3/3: moving to top
2025-10-23T15:37:49.086704,-69,0.729375,0.2964311825523631,moving_up,-56,-299,Cycle 3/3: moving to top
2025-10-23T15:37:49.136699,-69,0.7288950000000001,0.2954657069450679,moving_up,-56,-299,Cycle 3/3: moving to top
2025-10-23T15:37:49.186712,-69,0.72984,0.29736648704693014,moving_up,-56,-299,Cycle 3/3: moving to top
2025-10-23T15:37:49.236759,-69,0.72984,0.29736648704693014,moving_up,-56,-299,Cycle 3/3: moving to top
2025-10-23T15:37:49.286896,-69,0.729375,0.2964311825523631,moving_up,-56,-299,Cycle 3/3: moving to top
2025-10-23T15:37:49.336704,-69,0.72984,0.29736648704693014,moving_up,-56,-299,Cycle 3/3: moving to top
2025-10-23T15:37:49.386715,-69,0.729375,0.2964311825523631,moving_up,-56,-299,Cycle 3/3: moving to top
2025-10-23T15:37:49.436764,-69,0.729375,0.2964311825523631,moving_up,-56,-299,Cycle 3/3: moving to top
2025-10-23T15:37:49.486747,-69,0.729375,0.2964311825523631,moving_up,-56,-299,Cycle 3/3: moving to top
2025-10-23T15:37:49.536719,-69,0.72984,0.29736648704693014,moving_up,-56,-299,Cycle 3/3: moving to top
2025-10-23T15:37:49.586733,-69,0.72984,0.29736648704693014,moving_up,-56,-299,Cycle 3/3: moving to top
2025-10-23T15:37:49.636971,-69,0.72984,0.29736648704693014,moving_up,-56,-299,Cycle 3/3: moving to top
2025-10-23T15:37:49.686770,-69,0.72984,0.29736648704693014,moving_up,-56,-299,Cycle 3/3: moving to top
2025-10-23T15:37:49.736736,-69,0.72984,0.29736648704693014,moving_up,-56,-299,Cycle 3/3: moving to top
2025-10-23T15:37:49.786732,-69,0.730305,0.2983017915414976,moving_up,-56,-299,Cycle 3/3: moving to top
2025-10-23T15:37:49.836717,-69,0.72984,0.29736648704693014,moving_up,-56,-299,Cycle 3/3: moving to top
2025-10-23T15:37:49.886716,-69,0.72984,0.29736648704693014,moving_up,-56,-299,Cycle 3/3: moving to top
2025-10-23T15:37:49.936858,-69,0.72984,0.29736648704693014,moving_up,-56,-299,Cycle 3/3: moving to top
2025-10-23T15:37:49.986730,-69,0.729375,0.2964311825523631,moving_down,-239,127,Cycle 3/3: moving to top
2025-10-23T15:37:50.036716,-73,0.7354649999999999,0.3086806543199212,moving_down,-239,126,Cycle 3/3: moving to top
2025-10-23T15:37:50.086700,-109,0.73734,0.31245204341091837,moving_down,-239,109,Cycle 3/3: moving to top
2025-10-23T15:37:50.136738,-173,0.80952,0.45763543785793814,moving_down,-239,80,Cycle 3/3: moving to top
2025-10-23T15:37:50.186694,-232,0.70875,0.25494590255139604,moving_down,-239,80,Cycle 3/3: moving to top
2025-10-23T15:37:50.236720,-267,0.8250000000000001,0.48877202619320936,at target,,0,Cycle 3/3: moving to top
2025-10-23T15:37:50.286709,-283,0.732645,0.3030084851270618,at target,,0,Cycle 3/3: moving to top
2025-10-23T15:37:50.336724,-286,0.718125,0.273802848006381,idle,,0,Cycle 3/3: moving to top
2025-10-23T15:37:50.386730,-289,0.725145,0.287922928763074,idle,,0,Cycle 3/3: moving to top
2025-10-23T15:37:50.436734,-295,0.73593,0.3096159588144882,idle,,0,Cycle 3/3: moving to top
2025-10-23T15:37:50.486733,-295,0.7340549999999999,0.3058445697234915,idle,,0,Cycle 3/3: moving to top
2025-10-23T15:37:50.536736,-295,0.73734,0.31245204341091837,idle,,0,Cycle 3/3: moving to top
2025-10-23T15:37:50.586725,-295,0.73734,0.31245204341091837,idle,,0,Cycle 3/3: moving to top
2025-10-23T15:37:50.636747,-295,0.73218,0.3020731806324948,idle,,0,Cycle 3/3: moving to top
2025-10-23T15:37:50.686736,-295,0.7368750000000001,0.3115167389163509,idle,,0,Cycle 3/3: moving to top
2025-10-23T15:37:50.736714,-295,0.73218,0.3020731806324948,idle,,0,Cycle 3/3: moving to top
2025-10-23T15:37:50.786741,-295,0.73593,0.3096159588144882,idle,,0,Cycle 3/3: moving to top
2025-10-23T15:37:50.836708,-295,0.736395,0.3105512633090557,idle,,0,Cycle 3/3: moving to top
2025-10-23T15:37:50.886728,-295,0.735,0.30774534982535373,idle,,0,Cycle 3/3: moving to top
2025-10-23T15:37:50.936955,-295,0.736395,0.3105512633090557,idle,,0,Cycle 3/3: moving to top
2025-10-23T15:37:50.986722,-295,0.7354649999999999,0.3086806543199212,idle,,0,Cycle 3/3: moving to top
2025-10-23T15:37:51.036723,-295,0.73593,0.3096159588144882,idle,,0,Cycle 3/3: moving to top
2025-10-23T15:37:51.086908,-295,0.73734,0.31245204341091837,idle,,0,Cycle 3/3: moving to top
2025-10-23T15:37:51.136718,-295,0.73593,0.3096159588144882,idle,,0,Cycle 3/3: moving to top
2025-10-23T15:37:51.186728,-295,0.736395,0.3105512633090557,idle,,0,Cycle 3/3: moving to top
2025-10-23T15:37:51.236722,-295,0.736395,0.3105512633090557,idle,,0,Cycle 3/3: moving to top
2025-10-23T15:37:51.286734,-295,0.73593,0.3096159588144882,queued,-299,0,Cycle 3/3: moving to bottom
2025-10-23T15:37:51.336728,-295,0.7368750000000001,0.3115167389163509,at target,,0,Cycle 3/3: moving to bottom
2025-10-23T15:37:51.386724,-295,0.736395,0.3105512633090557,at target,,0,Cycle 3/3: moving to bottom
2025-10-23T15:37:51.436707,-295,0.73593,0.3096159588144882,idle,,0,Cycle 3/3: moving to bottom
2025-10-23T15:37:51.486716,-295,0.736395,0.3105512633090557,idle,,0,Cycle 3/3: moving to bottom
2025-10-23T15:37:51.536708,-295,0.736395,0.3105512633090557,idle,,0,Cycle 3/3: moving to bottom
2025-10-23T15:37:51.586716,-295,0.73593,0.3096159588144882,idle,,0,Cycle 3/3: moving to bottom
2025-10-23T15:37:51.636710,-295,0.7368750000000001,0.3115167389163509,idle,,0,Cycle 3/3: moving to bottom
2025-10-23T15:37:51.686723,-295,0.7368750000000001,0.3115167389163509,idle,,0,Cycle 3/3: moving to bottom
2025-10-23T15:37:51.736727,-295,0.73593,0.3096159588144882,idle,,0,Cycle 3/3: moving to bottom
2025-10-23T15:37:51.786724,-295,0.736395,0.3105512633090557,idle,,0,Cycle 3/3: moving to bottom
2025-10-23T15:37:51.836708,-295,0.736395,0.3105512633090557,idle,,0,Cycle 3/3: moving to bottom
2025-10-23T15:37:51.886707,-295,0.736395,0.3105512633090557,idle,,0,Cycle 3/3: moving to bottom
2025-10-23T15:37:51.936750,-295,0.736395,0.3105512633090557,idle,,0,Cycle 3/3: moving to bottom
2025-10-23T15:37:51.986731,-295,0.73593,0.3096159588144882,idle,,0,Cycle 3/3: moving to bottom
2025-10-23T15:37:52.036740,-295,0.736395,0.3105512633090557,idle,,0,Cycle 3/3: moving to bottom
2025-10-23T15:37:52.086724,-295,0.73593,0.3096159588144882,idle,,0,Cycle 3/3: moving to bottom
2025-10-23T15:37:52.136715,-295,0.736395,0.3105512633090557,idle,,0,Cycle 3/3: moving to bottom
2025-10-23T15:37:52.186724,-295,0.736395,0.3105512633090557,idle,,0,Cycle 3/3: moving to bottom
2025-10-23T15:37:52.236732,-295,0.7368750000000001,0.3115167389163509,idle,,0,Cycle 3/3: moving to bottom
